"id","Book","Chapter","Verse","Scripture"
"1","1","1","1","　神的创造"
"2","1","2","4","伊甸园"
"3","1","3","1","人违背命令"
"4","1","3","14","　神的宣判"
"5","1","3","22","亚当和夏娃被赶出伊甸园"
"6","1","4","1","该隐和亚伯"
"7","1","4","17","该隐的后代"
"8","1","4","25","塞特和以挪士"
"9","1","5","1","亚当的后代（代上1:1-4）"
"10","1","6","1","人类的邪恶"
"11","1","6","9","挪亚"
"12","1","7","1","洪水"
"13","1","8","1","洪水消退"
"14","1","8","20","挪亚献祭"
"15","1","9","1","　神与挪亚立约"
"16","1","9","18","挪亚和他的儿子们"
"17","1","10","1","闪、含、雅弗的后代（代上1:5-23）"
"18","1","11","1","巴别塔"
"19","1","11","10","闪的后代（代上1:24-27）"
"20","1","11","27","他拉的后代"
"21","1","12","1","　神呼召亚伯兰"
"22","1","12","10","亚伯兰到埃及"
"23","1","13","1","亚伯兰与罗得分开"
"24","1","13","14","亚伯兰迁往希伯仑"
"25","1","14","1","亚伯兰解救罗得"
"26","1","14","17","麦基洗德祝福亚伯兰"
"27","1","15","1","　神与亚伯兰立约"
"28","1","16","1","夏甲和以实玛利"
"29","1","17","1","割礼─立约的记号"
"30","1","18","1","　神应许亚伯拉罕得儿子"
"31","1","18","16","亚伯拉罕为所多玛祈求"
"32","1","19","1","所多玛的罪恶"
"33","1","19","12","罗得离开所多玛"
"34","1","19","23","所多玛、蛾摩拉的毁灭"
"35","1","19","30","摩押人和亚扪人的起源"
"36","1","20","1","亚伯拉罕和亚比米勒"
"37","1","21","1","以撒出生"
"38","1","21","9","夏甲和以实玛利被逐"
"39","1","21","22","亚伯拉罕与亚比米勒立约"
"40","1","22","1","　神吩咐亚伯拉罕献以撒"
"41","1","22","20","拿鹤的后代"
"42","1","23","1","亚伯拉罕买坟地埋葬撒拉"
"43","1","24","1","以撒娶妻"
"44","1","25","1","亚伯拉罕的其他后代（代上1:32-33）"
"45","1","25","7","亚伯拉罕的死和埋葬"
"46","1","25","12","以实玛利的后代（代上1:28-31）"
"47","1","25","19","以扫和雅各出生"
"48","1","25","27","以扫卖长子的名分"
"49","1","26","1","以撒住在基拉耳"
"50","1","26","26","以撒与亚比米勒立约"
"51","1","26","34","以扫的外族妻子"
"52","1","27","1","以撒祝福雅各"
"53","1","27","30","以扫求以撒祝福"
"54","1","27","46","以撒打发雅各到拉班的家去"
"55","1","28","6","以扫另娶一妻"
"56","1","28","10","雅各在伯特利梦见天梯"
"57","1","29","1","雅各到了拉班的家"
"58","1","29","15","雅各为拉结和利亚服侍拉班"
"59","1","29","31","雅各的儿女"
"60","1","30","25","雅各和拉班定工价"
"61","1","31","1","雅各逃离拉班"
"62","1","31","22","拉班追赶雅各"
"63","1","31","43","雅各和拉班立约"
"64","1","32","1","雅各准备见以扫"
"65","1","32","22","雅各与　神使者摔跤"
"66","1","33","1","雅各和以扫相见"
"67","1","34","1","底拿受辱"
"68","1","35","1","　神在伯特利赐福雅各"
"69","1","35","16","拉结去世"
"70","1","35","22","雅各的儿子们（代上2:1-2）"
"71","1","35","27","以撒去世"
"72","1","36","1","以扫的子孙（代上1:34-37）"
"73","1","36","20","西珥的子孙（代上1:38-42）"
"74","1","36","31","以东诸王（代上1:43-54）"
"75","1","37","1","约瑟得异梦"
"76","1","37","12","约瑟被卖到埃及"
"77","1","38","1","犹大和他玛"
"78","1","39","1","约瑟和波提乏之妻"
"79","1","40","1","约瑟为囚犯解梦"
"80","1","41","1","约瑟为法老解梦"
"81","1","41","37","约瑟被立为埃及的宰相"
"82","1","42","1","约瑟的哥哥们到埃及买粮"
"83","1","42","25","约瑟的哥哥们回迦南地"
"84","1","43","1","约瑟的哥哥们带便雅悯到埃及"
"85","1","44","1","约瑟用计留便雅悯"
"86","1","44","18","犹大替便雅悯哀求"
"87","1","45","1","约瑟和兄弟们相认"
"88","1","46","1","雅各全家下埃及"
"89","1","46","28","雅各和家属在埃及"
"90","1","47","13","遍地饥荒"
"91","1","47","27","雅各最后的吩咐"
"92","1","48","1","雅各祝福以法莲和玛拿西"
"93","1","49","1","雅各的祝福"
"94","1","49","29","雅各的死和埋葬"
"95","1","50","15","约瑟安慰哥哥们"
"96","1","50","22","约瑟的死"
"97","2","1","1","埃及新王压迫以色列人"
"98","2","2","1","摩西的出生"
"99","2","2","11","摩西逃往米甸"
"100","2","3","1","　神呼召摩西"
"101","2","4","1","　神赐摩西行神迹的权能"
"102","2","4","18","摩西返回埃及"
"103","2","5","1","摩西和亚伦见埃及王"
"104","2","5","22","摩西向耶和华诉苦"
"105","2","6","2","　神晓谕摩西"
"106","2","6","14","摩西和亚伦的族谱"
"107","2","6","28","耶和华吩咐摩西和亚伦"
"108","2","7","8","亚伦的杖"
"109","2","7","14","埃及遭灾──血灾"
"110","2","8","1","──蛙灾"
"111","2","8","16","──虱灾"
"112","2","8","20","──蝇灾"
"113","2","9","1","──畜疫之灾"
"114","2","9","8","──疮灾"
"115","2","9","13","──雹灾"
"116","2","10","1","──蝗灾"
"117","2","10","21","──黑暗之灾"
"118","2","11","1","击杀长子的警告"
"119","2","12","1","逾越节"
"120","2","12","14","除酵节"
"121","2","12","21","第一个逾越节"
"122","2","12","29","埃及头生的被杀"
"123","2","12","37","以色列人出埃及"
"124","2","12","43","逾越节的条例"
"125","2","13","1","奉献头生的"
"126","2","13","3","除酵节"
"127","2","13","11","头生的归给主"
"128","2","13","17","云柱和火柱"
"129","2","14","1","过红海"
"130","2","15","1","摩西的歌"
"131","2","15","19","米利暗的歌"
"132","2","15","22","苦水变甜"
"133","2","16","1","吗哪和鹌鹑"
"134","2","17","1","摩西击打磐石出水（民20:1-13）"
"135","2","17","8","和亚玛力人争战"
"136","2","18","1","叶忒罗见摩西"
"137","2","18","13","选立百姓的官长（申1:9-18）"
"138","2","19","1","以色列人在西奈山"
"139","2","20","1","十诫（申5:1-21）"
"140","2","20","18","众百姓恐惧战兢（申5:22-23）"
"141","2","20","22","祭坛的条例"
"142","2","21","1","对待奴仆的条例（申15:12-18）"
"143","2","21","12","惩罚暴行的条例"
"144","2","21","28","物主的责任"
"145","2","22","1","赔偿的条例"
"146","2","22","16","道德和宗教的条例"
"147","2","23","1","正义和公道"
"148","2","23","10","安息年和安息日"
"149","2","23","14","三大节期（出34:18-26；申16:1-17）"
"150","2","23","20","应许和指示"
"151","2","24","1","立约的凭据"
"152","2","24","12","摩西在西奈山上"
"153","2","25","1","命造圣所（出35:4-9）"
"154","2","25","10","造约柜的规定（出37:1-9）"
"155","2","25","23","造陈设饼桌子的规定（出37:10-16）"
"156","2","25","31","造灯台的规定（出37:17-24）"
"157","2","26","1","造帐幕和幔子的规定（出36:8-38）"
"158","2","27","1","造祭坛的规定（出38:1-7）"
"159","2","27","9","会幕的周围（出38:9-20）"
"160","2","27","20","燃灯的条例（利24:1-4）"
"161","2","28","1","制祭司圣服的规定（出39:1-7）"
"162","2","28","15","制胸牌的规定（出39:8-21）"
"163","2","28","31","制祭司其他圣服的规定（出39:22-31）"
"164","2","29","1","立亚伦和他子孙作祭司的条例（利8:1-36）"
"165","2","29","38","每天当献的祭（民28:1-8）"
"166","2","30","1","造香坛的规定（出37:25-28）"
"167","2","30","11","会幕的捐献"
"168","2","30","17","造铜盆的规定"
"169","2","30","22","制圣膏的规定"
"170","2","30","34","香的做法"
"171","2","31","1","会幕的技工（出35:30-36:1）"
"172","2","31","12","安息日"
"173","2","32","1","百姓拜金牛犊（申9:6-29）"
"174","2","33","1","耶和华吩咐以色列人离开西奈山"
"175","2","33","7","耶和华的会幕"
"176","2","33","12","耶和华应许与百姓同在"
"177","2","34","1","重新凿制法版（申10:1-5）"
"178","2","34","10","重新立约（出23:14-19；申7:1-5，16:1-17）"
"179","2","34","29","摩西下西奈山"
"180","2","35","1","安息日的条例"
"181","2","35","4","为会幕奉献（出25:1-9）"
"182","2","35","10","会幕的器物（出39:32-43）"
"183","2","35","20","百姓奉献礼物"
"184","2","35","30","造会幕的技工（出31:1-11）"
"185","2","36","2","奉献的礼物富富有余"
"186","2","36","8","造耶和华的会幕（出26:1-37）"
"187","2","37","1","造约柜（出25:10-22）"
"188","2","37","10","造陈设饼的桌子（出25:23-30）"
"189","2","37","17","造灯台（出25:31-40）"
"190","2","37","25","造香坛（出30:1-5）"
"191","2","37","29","造圣油和圣膏（出30:22-38）"
"192","2","38","1","造燔祭坛（出27:1-8）"
"193","2","38","8","造铜盆（出30:18）"
"194","2","38","9","耶和华会幕的周围（出27:9-19）"
"195","2","38","21","耶和华会幕所用的金属"
"196","2","39","1","为祭司制圣服（出28:1-14）"
"197","2","39","8","制胸牌（出28:15-30）"
"198","2","39","22","祭司其他的圣服（出28:31-43）"
"199","2","39","32","会幕完工（出35:10-19）"
"200","2","40","1","耶和华会幕的建立和奉献"
"201","2","40","34","云彩覆盖会幕（民9:15-23）"
"202","3","1","1","燔祭的条例"
"203","3","2","1","素祭的条例"
"204","3","3","1","平安祭的条例"
"205","3","4","1","为误犯的罪献祭的条例"
"206","3","5","1","赎愆祭的条例"
"207","3","6","8","祭司献燔祭的责任"
"208","3","6","14","祭司献素祭的责任"
"209","3","6","24","祭司献赎罪祭的责任"
"210","3","7","1","祭司献赎愆祭的责任"
"211","3","7","11","祭司献平安祭的责任"
"212","3","8","1","立亚伦和他的儿子们作祭司（出29:1-37）"
"213","3","9","1","亚伦献祭"
"214","3","10","1","拿答和亚比户犯罪"
"215","3","10","8","有关祭司的条例"
"216","3","11","1","有关食物的条例（申14:3-21）"
"217","3","12","1","产妇洁净的条例"
"218","3","13","1","有关皮肤病的条例"
"219","3","13","47","衣物发霉的条例"
"220","3","14","1","皮肤病后洁净的条例"
"221","3","14","33","处理房屋发霉的条例"
"222","3","15","1","漏症患者洁净的条例"
"223","3","16","1","赎罪日"
"224","3","16","20","替罪羊"
"225","3","16","29","守赎罪日"
"226","3","17","1","血的神圣"
"227","3","18","1","有关淫乱的禁令"
"228","3","19","1","圣洁和公正的律例"
"229","3","20","1","处罚悖逆的人"
"230","3","21","1","祭司圣洁的条例"
"231","3","22","1","圣物的圣洁"
"232","3","23","1","节期"
"233","3","23","5","逾越节和除酵节（民28:16-25）"
"234","3","23","15","五旬节（民28:26-31）"
"235","3","23","23","新年（民29:1-6）"
"236","3","23","26","赎罪日（民29:7-11）"
"237","3","23","33","住棚节（民29:12-40）"
"238","3","24","1","燃灯的条例（出27:20-21）"
"239","3","24","5","陈设饼"
"240","3","24","10","公正的判例"
"241","3","25","1","安息年（申15:1-11）"
"242","3","25","8","禧年"
"243","3","25","18","安息年的问题"
"244","3","25","23","赎房地产的条例"
"245","3","25","35","借贷给穷人的条例"
"246","3","25","39","赎回奴仆的条例"
"247","3","26","1","遵行诫命者的福祉（申7:12-24，28:1-14）"
"248","3","26","14","违反诫命者的刑罚（申28:15-68）"
"249","3","27","1","许愿的条例"
"250","4","1","1","第一次数点以色列人"
"251","4","2","1","各支派在营地的位置"
"252","4","3","1","亚伦的儿子们"
"253","4","3","5","利未人的职责"
"254","4","3","14","利未人男丁的统计"
"255","4","3","40","利未人代替长子的地位"
"256","4","4","1","哥辖子孙的职责"
"257","4","4","21","革顺子孙的职责"
"258","4","4","29","米拉利子孙的职责"
"259","4","4","34","利未支派男丁的统计"
"260","4","5","1","不洁的人"
"261","4","5","5","赔偿亏负"
"262","4","5","11","疑妻不贞的试验条例"
"263","4","6","1","拿细耳人的条例"
"264","4","6","22","祭司的祝福"
"265","4","7","1","各族长奉献祭物"
"266","4","8","1","安置七盏灯"
"267","4","8","5","为利未人行洁净与奉献礼"
"268","4","9","1","第二个逾越节"
"269","4","9","15","云彩遮盖帐幕（出40:34-38）"
"270","4","10","1","制银号"
"271","4","10","11","离开西奈山"
"272","4","10","33","众民和约柜往前行"
"273","4","11","1","在他备拉发怨言"
"274","4","11","4","摩西选立七十个长老"
"275","4","11","31","　神赐鹌鹑为食物"
"276","4","12","1","米利暗受罚"
"277","4","13","1","十二个探子（申1:19-33）"
"278","4","14","1","民众埋怨"
"279","4","14","11","摩西为民众祷告"
"280","4","14","26","耶和华惩罚埋怨的民众"
"281","4","14","39","首次进攻迦南（申1:41-46）"
"282","4","15","1","献祭的条例"
"283","4","15","32","违反安息日的人"
"284","4","15","37","有关衣服䍁子的条例"
"285","4","16","1","可拉、大坍、亚比兰的叛变"
"286","4","16","36","香炉"
"287","4","16","41","亚伦救了百姓"
"288","4","17","1","亚伦的杖"
"289","4","18","1","祭司和利未人的职责"
"290","4","18","8","祭司当得之物"
"291","4","18","21","利未人的份"
"292","4","18","25","利未人的什一奉献"
"293","4","19","1","红母牛的灰"
"294","4","19","11","接触尸体不洁的条例"
"295","4","20","1","在加低斯发生的事件（出17:1-7）"
"296","4","20","14","以东王不容以色列人通行"
"297","4","20","22","亚伦去世"
"298","4","21","1","战胜迦南人"
"299","4","21","4","铜制的蛇"
"300","4","21","10","从何珥山到摩押谷"
"301","4","21","21","战胜亚摩利王和巴珊王（申2:26-3:11）"
"302","4","22","1","摩押王召巴兰"
"303","4","22","21","巴兰和他的驴"
"304","4","22","36","巴勒欢迎巴兰"
"305","4","22","41","巴兰首次预言"
"306","4","23","13","巴兰第二次预言"
"307","4","23","27","巴兰第三次预言"
"308","4","24","14","巴兰末次预言"
"309","4","25","1","以色列人在毗珥"
"310","4","26","1","第二次数点以色列人"
"311","4","27","1","西罗非哈的女儿们"
"312","4","27","12","约书亚被选为摩西的继承人（申31:1-8）"
"313","4","28","1","每天例常的祭（出29:38-46）"
"314","4","28","9","安息日献的祭"
"315","4","28","11","月初献的祭"
"316","4","28","16","除酵节献的祭（利23:5-14）"
"317","4","28","26","七七节献的祭（利23:15-22）"
"318","4","29","1","新年献的祭（利23:23-25）"
"319","4","29","7","赎罪日献的祭（利23:26-32）"
"320","4","29","12","住棚节献的祭（利23:33-34）"
"321","4","30","1","许愿的条例"
"322","4","31","1","与米甸人打仗"
"323","4","31","25","分战利品"
"324","4","32","1","约旦河东的两支派（申3:12-22）"
"325","4","33","1","从埃及到摩押"
"326","4","33","50","过约旦河前的指示"
"327","4","34","1","迦南地的境界"
"328","4","34","16","各支派首领负责分地"
"329","4","35","1","分给利未人的城邑"
"330","4","35","9","设立庇护城（申19:1-13；书20:1-9）"
"331","4","36","1","承业女子结婚的条例"
"332","5","1","1","摩西的回忆"
"333","5","1","9","摩西指派审判官（出18:13-27）"
"334","5","1","19","从加低斯巴尼亚派探子侦察（民13:1-33）"
"335","5","1","34","耶和华惩罚以色列人（民14:20-45）"
"336","5","2","1","三十八年在旷野"
"337","5","2","26","击败希实本王西宏（民21:21-30）"
"338","5","3","1","击败巴珊王噩（民21:31-35）"
"339","5","3","12","定居约旦河东的两个半支派（民32:1-42）"
"340","5","3","23","摩西不得进入迦南"
"341","5","4","1","摩西劝百姓遵行耶和华的律例典章"
"342","5","4","15","警告百姓不可拜偶像"
"343","5","4","41","设立河东的庇护城"
"344","5","4","44","重申律法诫命"
"345","5","5","1","十诫（出20:1-17）"
"346","5","5","23","百姓看见火焰烧山而惧怕（出20:18-21）"
"347","5","6","1","最大的诫命"
"348","5","6","10","警告百姓不可背逆　神"
"349","5","7","1","耶和华的子民（出34:11-16）"
"350","5","7","12","遵行诫命必蒙福（申28:1-14）"
"351","5","8","1","将得美地"
"352","5","8","11","警告百姓不可忘记主"
"353","5","9","1","百姓悖逆"
"354","5","10","1","摩西重新领受十诫（出34:1-10）"
"355","5","10","12","　神的要求"
"356","5","11","1","主的大能"
"357","5","11","8","遵守诫命必蒙福"
"358","5","12","1","惟一的敬拜场所"
"359","5","12","29","警告不可拜偶像"
"360","5","14","1","举哀时的禁例"
"361","5","14","3","洁净和不洁净的动物（利11:1-47）"
"362","5","14","22","十分献一的条例"
"363","5","15","1","安息年（利25:1-7）"
"364","5","15","12","对待奴婢的条例（出21:1-11）"
"365","5","15","19","头生牛羊的条例"
"366","5","16","1","逾越节（出12:1-20）"
"367","5","16","9","七七节（出34:22；利23:15-21）"
"368","5","16","13","住棚节（利23:33-43）"
"369","5","16","18","应秉公审断"
"370","5","17","14","有关立王的指示"
"371","5","18","1","祭司当得的份"
"372","5","18","9","不可随从异邦的恶俗"
"373","5","18","14","应许兴起先知"
"374","5","19","1","设立庇护城（民35:9-28；书20:1-9）"
"375","5","19","14","不可挪移地界"
"376","5","19","15","有关证人的条例"
"377","5","20","1","有关战争的条例"
"378","5","21","1","未破谋杀案除罪的规定"
"379","5","21","10","有关女战俘的案件"
"380","5","21","15","关于长子继承权的规定"
"381","5","21","18","对逆子的处置"
"382","5","21","22","其他条例"
"383","5","22","13","有关贞洁的条例"
"384","5","23","1","不许进入圣会的人"
"385","5","23","9","保持营地的卫生"
"386","5","23","15","其他条例"
"387","5","24","1","离婚和再婚"
"388","5","24","5","一般条例"
"389","5","25","5","为丧亡的弟兄生子立后的规定"
"390","5","25","11","其他的条例"
"391","5","25","17","命令百姓消灭亚玛力人"
"392","5","26","1","奉献初熟的土产"
"393","5","26","16","作属主的子民"
"394","5","27","1","　神的律法写在石头上"
"395","5","27","11","违命必受咒诅"
"396","5","28","1","遵行诫命蒙福（利26:3-13；申7:12-24）"
"397","5","28","15","背逆的后果（利26:14-46）"
"398","5","29","1","　神在摩押和以色列人立约"
"399","5","30","1","复兴和蒙福的条件"
"400","5","31","1","约书亚被召接替摩西"
"401","5","31","9","每七年诵读律法一次"
"402","5","31","14","对摩西的最后嘱咐"
"403","5","31","30","摩西的歌"
"404","5","32","45","摩西的最后训言"
"405","5","33","1","摩西祝福以色列众支派"
"406","5","34","1","摩西去世"
"407","6","1","1","　神命令约书亚征服迦南"
"408","6","1","10","约书亚吩咐百姓准备渡河"
"409","6","2","1","窥探耶利哥"
"410","6","3","1","以色列人过约旦河"
"411","6","4","1","立石为记"
"412","6","5","2","在吉甲行割礼"
"413","6","5","13","耶和华军队的元帅"
"414","6","6","1","耶利哥城陷落"
"415","6","7","1","亚干犯罪"
"416","6","8","1","攻取艾城"
"417","6","8","30","在以巴路山上宣读律法"
"418","6","9","1","基遍人欺瞒约书亚"
"419","6","10","1","击败亚摩利人"
"420","6","10","16","生擒亚摩利的五王"
"421","6","10","28","攻取迦南诸城"
"422","6","11","1","击败耶宾及其盟国"
"423","6","11","16","约书亚占领的土地"
"424","6","12","1","摩西击败的诸王"
"425","6","12","7","约书亚击败的诸王"
"426","6","13","1","尚未占领之地"
"427","6","13","8","分配约旦河东之地"
"428","6","13","15","分给流便支派的土地"
"429","6","13","24","分给迦得支派的土地"
"430","6","13","29","分给玛拿西半支派的土地"
"431","6","14","1","分配约旦河西的土地"
"432","6","14","6","迦勒得希伯仑为业"
"433","6","15","1","分给犹大支派的土地"
"434","6","15","13","迦勒攻取希伯仑和底璧（士1:11-15）"
"435","6","15","20","犹大所得的城邑"
"436","6","16","1","分给以法莲支派和玛拿西半支派的土地"
"437","6","16","5","以法莲支派"
"438","6","17","1","玛拿西支派"
"439","6","17","14","约瑟子孙要求多得土地"
"440","6","18","1","余地的分配"
"441","6","18","11","分给便雅悯支派的土地"
"442","6","19","1","分给西缅支派的土地"
"443","6","19","10","分给西布伦支派的土地"
"444","6","19","17","分给以萨迦支派的土地"
"445","6","19","24","分给亚设支派的土地"
"446","6","19","32","分给拿弗他利支派的土地"
"447","6","19","40","分给但支派的土地"
"448","6","19","49","最后分配的土地"
"449","6","20","1","设立庇护城（民35:9-28；申19:1-13）"
"450","6","21","1","利未人的城邑"
"451","6","21","43","以色列人得地为业"
"452","6","22","1","约书亚打发两个半支派的人回去"
"453","6","22","10","约旦河旁的祭坛"
"454","6","23","1","约书亚的遗言"
"455","6","24","1","约书亚在示剑向百姓讲话"
"456","6","24","29","约书亚和以利亚撒去世"
"457","7","1","1","犹大和西缅支派俘虏亚多尼比色"
"458","7","1","8","犹大支派攻取耶路撒冷和希伯仑"
"459","7","1","11","俄陀聂攻取底璧城（书15:13-19）"
"460","7","1","16","犹大和便雅悯支派的胜利"
"461","7","1","22","以法莲和玛拿西支派攻取伯特利"
"462","7","1","27","以色列人没有赶出去的民"
"463","7","2","1","耶和华的使者在波金"
"464","7","2","6","约书亚去世"
"465","7","2","11","以色列离弃耶和华"
"466","7","3","1","存留的迦南各族"
"467","7","3","7","俄陀聂"
"468","7","3","12","以笏"
"469","7","3","31","珊迦"
"470","7","4","1","底波拉和巴拉"
"471","7","5","1","底波拉和巴拉的歌"
"472","7","6","1","基甸"
"473","7","7","1","基甸击败米甸人"
"474","7","8","1","制伏米甸人"
"475","7","8","29","基甸去世"
"476","7","9","1","亚比米勒"
"477","7","10","1","陀拉"
"478","7","10","3","睚珥"
"479","7","10","6","耶弗他"
"480","7","11","34","耶弗他的女儿"
"481","7","12","1","耶弗他和以法莲人"
"482","7","12","8","以比赞、以伦、押顿"
"483","7","13","1","参孙出生"
"484","7","14","1","参孙和亭拿的女子"
"485","7","15","9","参孙击败非利士人"
"486","7","16","1","参孙在迦萨"
"487","7","16","4","参孙和大利拉"
"488","7","16","23","参孙的死"
"489","7","17","1","米迦的偶像"
"490","7","18","1","米迦和但支派"
"491","7","19","1","利未人和他的妾"
"492","7","19","22","基比亚人的恶行"
"493","7","20","1","以色列人准备打仗"
"494","7","20","18","攻打便雅悯人"
"495","7","20","36","以色列人得胜"
"496","7","21","1","为便雅悯支派的人寻找配偶"
"497","8","1","1","以利米勒全家迁往摩押"
"498","8","1","6","拿俄米和路得回伯利恒"
"499","8","2","1","路得在波阿斯田里拾麦穗"
"500","8","3","1","拿俄米促成路得的婚事"
"501","8","4","1","波阿斯娶路得"
"502","8","4","13","波阿斯和他的后代"
"503","9","1","1","以利加拿和他的家眷在示罗"
"504","9","1","9","哈拿和以利"
"505","9","1","19","撒母耳出生和奉献"
"506","9","2","1","哈拿的祷告"
"507","9","2","12","以利的两个儿子"
"508","9","2","18","撒母耳在示罗"
"509","9","2","22","以利和他的儿子"
"510","9","2","27","预言以利家遭祸"
"511","9","3","1","耶和华向撒母耳显现"
"512","9","4","1","约柜被掳"
"513","9","4","12","以利的死"
"514","9","4","19","以利儿媳难产致死"
"515","9","5","1","约柜在非利士人当中"
"516","9","6","1","送回约柜"
"517","9","6","19","约柜在基列耶琳"
"518","9","7","3","撒母耳统治以色列"
"519","9","8","1","以色列人要求立王"
"520","9","9","1","扫罗见撒母耳"
"521","9","9","25","撒母耳膏扫罗作王"
"522","9","10","17","抽签得扫罗为王"
"523","9","11","1","扫罗击败亚扪人"
"524","9","12","1","撒母耳临别赠言"
"525","9","13","1","与非利士人争战"
"526","9","14","1","约拿单的战绩"
"527","9","14","16","非利士人败退"
"528","9","14","24","战后发生的事件"
"529","9","14","47","扫罗的王权和家眷"
"530","9","15","1","与亚玛力人争战"
"531","9","15","10","耶和华废弃扫罗"
"532","9","15","24","扫罗认罪"
"533","9","16","1","膏立大卫为王"
"534","9","16","14","大卫在扫罗的宫里"
"535","9","17","1","歌利亚向以色列军挑战"
"536","9","17","12","大卫在扫罗的营中"
"537","9","17","41","大卫击杀歌利亚"
"538","9","17","55","押尼珥引大卫见扫罗"
"539","9","18","6","扫罗妒忌大卫"
"540","9","18","17","大卫娶扫罗的女儿"
"541","9","19","1","扫罗逼迫大卫"
"542","9","20","1","约拿单帮助大卫"
"543","9","21","1","大卫逃离扫罗"
"544","9","22","1","祭司被残杀"
"545","9","23","1","大卫救基伊拉的居民"
"546","9","23","14","大卫在山地"
"547","9","24","1","大卫不加害扫罗"
"548","9","25","1","撒母耳去世"
"549","9","25","1","大卫和亚比该"
"550","9","26","1","大卫再次不加害扫罗"
"551","9","27","1","大卫在非利士人中间"
"552","9","28","3","扫罗求问女巫"
"553","9","29","1","非利士人不要大卫"
"554","9","30","1","与亚玛力人争战"
"555","9","31","1","扫罗及其众子战死（代上10:1-12）"
"556","10","1","1","大卫听到扫罗的死讯"
"557","10","1","17","大卫为扫罗和约拿单作哀歌"
"558","10","2","1","大卫受膏作犹大王"
"559","10","2","8","伊施波设作以色列王"
"560","10","2","12","扫罗家和大卫家争战"
"561","10","3","2","大卫的儿子们"
"562","10","3","6","押尼珥投效大卫"
"563","10","3","22","押尼珥被杀"
"564","10","3","31","安葬押尼珥"
"565","10","4","1","伊施波设被杀"
"566","10","5","1","大卫作犹大和以色列王（代上11:1-9，14:1-7）"
"567","10","5","17","战胜非利士人（代上14:8-17）"
"568","10","6","1","运约柜到耶路撒冷（代上13:1-14，15:25-16:6、43）"
"569","10","7","1","拿单传信息给大卫（代上17:1-15）"
"570","10","7","18","大卫的祈祷和感恩（代上17:16-27）"
"571","10","8","1","耶和华使大卫得胜（代上18:1-17）"
"572","10","9","1","大卫和米非波设"
"573","10","10","1","击败亚扪人和亚兰人（代上19:1-19）"
"574","10","11","1","大卫和拔示巴"
"575","10","12","1","拿单的谴责和大卫的悔改"
"576","10","12","15","大卫的儿子夭折"
"577","10","12","24","所罗门出生"
"578","10","12","26","大卫攻取拉巴（代上20:1-3）"
"579","10","13","1","暗嫩和他玛"
"580","10","13","23","押沙龙为妹报仇"
"581","10","14","1","约押设法让押沙龙回来"
"582","10","14","25","大卫饶恕押沙龙"
"583","10","15","1","押沙龙阴谋造反"
"584","10","15","13","大卫逃离耶路撒冷"
"585","10","16","1","大卫和洗巴"
"586","10","16","5","大卫和示每"
"587","10","16","15","押沙龙在耶路撒冷"
"588","10","17","1","户筛破坏亚希多弗的计谋"
"589","10","17","15","大卫闻讯后逃脱"
"590","10","18","1","押沙龙败亡"
"591","10","18","19","大卫哭押沙龙"
"592","10","19","1","约押向大卫进谏"
"593","10","19","8","大卫回耶路撒冷"
"594","10","19","18","大卫宽恕示每"
"595","10","19","24","大卫善待米非波设"
"596","10","19","31","大卫善待巴西莱"
"597","10","19","40","以色列人和犹大人为王起争论"
"598","10","20","1","示巴反叛"
"599","10","21","1","扫罗的后代被处死"
"600","10","21","15","攻打非利士巨人（代上20:4-8）"
"601","10","22","1","大卫的凯歌（诗18）"
"602","10","23","1","大卫的遗言"
"603","10","23","8","大卫的勇士（代上11:10-41）"
"604","10","24","1","大卫数点百姓（代上21:1-27）"
"605","11","1","1","大卫王的晚年"
"606","11","1","5","亚多尼雅争夺王位"
"607","11","1","11","所罗门被立为王"
"608","11","2","1","大卫给所罗门的遗训"
"609","11","2","10","大卫寿终"
"610","11","2","13","亚多尼雅的死"
"611","11","2","26","亚比亚他被废和约押的死"
"612","11","2","36","示每的死"
"613","11","3","1","所罗门祈祷求智慧（代下1:3-12）"
"614","11","3","16","所罗门审断疑案"
"615","11","4","1","所罗门的臣仆"
"616","11","4","20","所罗门的富强"
"617","11","4","29","所罗门的智慧"
"618","11","5","1","所罗门准备建殿（代下2:1-18）"
"619","11","6","1","所罗门建造圣殿"
"620","11","6","11","耶和华的约"
"621","11","6","14","殿内的设备（代下3:8-14）"
"622","11","6","23","造两个基路伯"
"623","11","6","29","殿的装饰"
"624","11","7","1","所罗门建造王宫"
"625","11","7","13","户兰的工作"
"626","11","7","15","两根铜柱（代下3:15-17）"
"627","11","7","23","铜海（代下4:2-5）"
"628","11","7","27","铜座"
"629","11","7","40","圣殿设备清单（代下4:11-5:1）"
"630","11","7","51","圣殿竣工"
"631","11","8","1","运约柜入殿（代下5:2-6:2）"
"632","11","8","14","所罗门向百姓宣告（代下6:3-11）"
"633","11","8","22","所罗门的祷告（代下6:12-42）"
"634","11","8","54","为民祝福"
"635","11","8","62","行奉献圣殿之礼（代下7:4-10）"
"636","11","9","1","耶和华再向所罗门显现（代下7:11-22）"
"637","11","9","10","所罗门与希兰订约（代下8:1-2）"
"638","11","9","15","所罗门其他政绩（代下8:3-18）"
"639","11","10","1","示巴女王拜访所罗门（代下9:1-12）"
"640","11","10","14","所罗门的财富（代下9:13-28）"
"641","11","10","26","所罗门的车骑"
"642","11","11","1","所罗门离弃　神"
"643","11","11","14","所罗门的敌人"
"644","11","11","26","　神给耶罗波安的应许"
"645","11","11","41","所罗门去世（代下9:29-31）"
"646","11","12","1","北方的支派反叛（代下10:1-19）"
"647","11","12","21","示玛雅的预言（代下11:1-4）"
"648","11","12","25","耶罗波安离弃　神"
"649","11","12","32","在伯特利拜牛犊被定罪"
"650","11","13","11","伯特利的老先知"
"651","11","13","33","耶罗波安的严重罪行"
"652","11","14","1","耶罗波安儿子的死"
"653","11","14","19","耶罗波安去世"
"654","11","14","21","犹大国王罗波安（代下11:5-12:15）"
"655","11","15","1","犹大国王亚比央（代下13:1-14:1）"
"656","11","15","9","犹大国王亚撒（代下15:16-16:6）"
"657","11","15","25","以色列国王拿答"
"658","11","15","33","以色列国王巴沙"
"659","11","16","8","以色列国王以拉"
"660","11","16","15","以色列国王心利"
"661","11","16","21","以色列国王暗利"
"662","11","16","29","以色列国王亚哈"
"663","11","17","1","以利亚和旱灾"
"664","11","17","8","以利亚和撒勒法的寡妇"
"665","11","18","1","以利亚和巴力的先知们"
"666","11","18","41","旱灾停止"
"667","11","19","1","以利亚在西奈山上"
"668","11","19","19","以利沙蒙选召"
"669","11","20","1","与亚兰人争战"
"670","11","20","23","亚兰人第二次来犯"
"671","11","20","35","先知责亚哈纵敌"
"672","11","21","1","拿伯的葡萄园"
"673","11","22","1","先知米该雅警告亚哈（代下18:2-27）"
"674","11","22","29","亚哈阵亡（代下18:28-34）"
"675","11","22","41","犹大国王约沙法（代下20:31-21:1）"
"676","11","22","51","以色列国王亚哈谢"
"677","12","1","1","以利亚和亚哈谢王"
"678","12","1","17","亚哈谢死后约兰继位"
"679","12","2","1","以利亚和以利沙"
"680","12","2","11","以利亚乘旋风升天"
"681","12","2","19","以利沙行神迹"
"682","12","3","1","以色列与摩押争战"
"683","12","3","21","摩押人败逃"
"684","12","4","1","以利沙帮助穷寡妇"
"685","12","4","8","书念妇人接待以利沙"
"686","12","4","38","两件神迹"
"687","12","5","1","乃缦得医治"
"688","12","6","1","找回斧头"
"689","12","6","8","亚兰军败于以色列人"
"690","12","6","24","围困撒玛利亚"
"691","12","7","3","亚兰军弃营逃命"
"692","12","8","1","书念的妇人回原住地"
"693","12","8","7","以利沙和便哈达王"
"694","12","8","16","犹大国王约兰（代下21:1-20）"
"695","12","8","25","犹大国王亚哈谢（代下22:1-6）"
"696","12","9","1","耶户被膏为以色列王"
"697","12","9","14","以色列王约兰被杀"
"698","12","9","27","犹大王亚哈谢被杀"
"699","12","9","30","耶洗别王后被掷身亡"
"700","12","10","1","耶户写信给耶斯列首领"
"701","12","10","6","亚哈众子被杀"
"702","12","10","12","亚哈谢的弟兄被杀"
"703","12","10","15","亚哈家剩下的人被杀"
"704","12","10","18","拜巴力的人被杀"
"705","12","10","32","耶户去世"
"706","12","11","1","犹大国王后亚他利雅（代下22:10-23:15）"
"707","12","11","17","耶何耶大的改革（代下23:16-21）"
"708","12","12","1","犹大国王约阿施（代下24:1-16）"
"709","12","13","1","以色列国王约哈斯"
"710","12","13","10","以色列国王约阿施"
"711","12","13","14","以利沙去世"
"712","12","13","22","以色列与亚兰争战"
"713","12","14","1","犹大国王亚玛谢（代下25:1-24）"
"714","12","14","17","犹大王亚玛谢去世（代下25:25-28）"
"715","12","14","23","以色列国王耶罗波安二世"
"716","12","15","1","犹大国王亚撒利雅（代下26:1-23）"
"717","12","15","8","以色列国王撒迦利雅"
"718","12","15","13","以色列国王沙龙"
"719","12","15","17","以色列国王米拿现"
"720","12","15","23","以色列国王比加辖"
"721","12","15","27","以色列国王比加"
"722","12","15","32","犹大国王约坦（代下27:1-9）"
"723","12","16","1","犹大国王亚哈斯（代下28:1-27）"
"724","12","17","1","以色列国王何细亚"
"725","12","17","24","亚述人定居于以色列人中"
"726","12","18","1","犹大国王希西家（代下29:1-2，30:1）"
"727","12","18","13","亚述王威胁耶路撒冷（代下32:1-19；赛36:1-22）"
"728","12","19","1","希西家王派人求问以赛亚（赛37:1-7）"
"729","12","19","8","亚述人再次威胁希西家（赛37:8-20）"
"730","12","19","20","以赛亚传给王的信息（赛37:21-38）"
"731","12","20","1","希西家重病康复（赛38:1-8、21-22；代下32:24-26）"
"732","12","20","12","从巴比伦来的使者（赛39:1-8）"
"733","12","20","20","希西家去世（代下32:32-33）"
"734","12","21","1","犹大国王玛拿西（代下33:1-20）"
"735","12","21","19","犹大国王亚们（代下33:21-25）"
"736","12","22","1","犹大国王约西亚（代下34:1-2）"
"737","12","22","3","发现律法书（代下34:8-28）"
"738","12","23","1","约西亚废除异教崇拜（代下34:3-7、29-33）"
"739","12","23","21","约西亚吩咐守逾越节（代下35:1-19）"
"740","12","23","24","约西亚的其他改革"
"741","12","23","28","约西亚去世（代下35:20-36:1）"
"742","12","23","31","犹大国王约哈斯（代下36:2-4）"
"743","12","23","35","犹大国王约雅敬（代下36:5-8）"
"744","12","24","8","犹大国王约雅斤（代下36:9-10）"
"745","12","24","18","犹大国王西底家（代下36:11-12；耶52:1-3）"
"746","12","25","1","耶路撒冷陷落（代下36:13-21；耶52:3-11）"
"747","12","25","8","圣殿被毁（耶52:12-33）"
"748","12","25","18","犹大人被掳（耶52:24-27）"
"749","12","25","22","基大利作犹大省长并被杀（耶40:7-9，41:1-3）"
"750","12","25","27","约雅斤被释（耶52:31-34）"
"751","13","1","1","从亚当到亚伯拉罕（创5:1-32，10:1-32，11:10-26）"
"752","13","1","28","以实玛利的后裔（创25:12-16）"
"753","13","1","34","以扫的后裔（创36:1-19）"
"754","13","1","38","以东地的原居民（创36:20-30）"
"755","13","1","43","以东诸王（创36:31-43）"
"756","13","2","1","犹大的后裔"
"757","13","2","9","大卫王的家谱"
"758","13","2","18","希斯仑的后裔"
"759","13","2","25","耶拉篾的后裔"
"760","13","2","42","迦勒的其余后裔"
"761","13","3","1","大卫的儿女"
"762","13","3","10","所罗门的后裔"
"763","13","3","17","耶哥尼雅的后裔"
"764","13","4","1","复记犹大的后裔"
"765","13","4","11","其他的家族"
"766","13","4","21","示拉的后裔"
"767","13","4","24","西缅的后裔"
"768","13","5","1","流便的后裔"
"769","13","5","11","迦得的后裔"
"770","13","5","18","流便、迦得、玛拿西族的军队"
"771","13","5","23","玛拿西半支派"
"772","13","5","25","两个半支派的人叛逆　神"
"773","13","6","1","利未的后裔"
"774","13","6","16","利未的其余后裔"
"775","13","6","31","圣殿中的歌唱者"
"776","13","6","49","亚伦的后裔"
"777","13","6","54","利未支派的住地"
"778","13","7","1","以萨迦的后裔"
"779","13","7","6","便雅悯和但的后裔"
"780","13","7","13","拿弗他利的后裔"
"781","13","7","14","玛拿西的后裔"
"782","13","7","20","以法莲的后裔"
"783","13","7","30","亚设的后裔"
"784","13","8","1","便雅悯的后裔"
"785","13","8","13","在亚雅仑的便雅悯人"
"786","13","8","17","在耶路撒冷的便雅悯人"
"787","13","8","29","在基遍和耶路撒冷的便雅悯人"
"788","13","8","33","扫罗王的家族"
"789","13","9","1","被掳归回的人"
"790","13","9","10","住在耶路撒冷的祭司"
"791","13","9","14","住在耶路撒冷的利未人"
"792","13","9","17","住在耶路撒冷的圣殿守卫"
"793","13","9","28","其余的利未人"
"794","13","9","35","扫罗王的祖先和后代（代上8:29-38）"
"795","13","10","1","扫罗去世（撒上31:1-13）"
"796","13","11","1","大卫作以色列和犹大的王（撒下5:1-10）"
"797","13","11","10","大卫的名将（撒下23:8-39）"
"798","13","12","1","早期跟随大卫的便雅悯人"
"799","13","12","8","跟随大卫的迦得人"
"800","13","12","16","跟随大卫的便雅悯人和犹大人"
"801","13","12","19","跟随大卫的玛拿西人"
"802","13","12","23","大卫的兵力"
"803","13","13","1","约柜迁出基列耶琳（撒下6:1-11）"
"804","13","14","3","大卫在耶路撒冷生的众子（撒下5:13-16）"
"805","13","14","8","战胜非利士人（撒下5:17-25）"
"806","13","15","1","准备搬运约柜"
"807","13","15","25","约柜迁入耶路撒冷（撒下6:12-22）"
"808","13","16","8","颂赞之歌（诗105:1-15，96:1-13，106:1、47-48）"
"809","13","16","37","在耶路撒冷和基遍的敬拜"
"810","13","17","1","拿单传给大卫的信息（撒下7:1-17）"
"811","13","17","16","感恩的祷告（撒下7:18-29）"
"812","13","18","1","在军事上的胜利（撒下8:1-18）"
"813","13","19","1","大卫击败亚扪人和亚兰人（撒下10:1-19）"
"814","13","20","1","大卫攻取拉巴城（撒下12:26-31）"
"815","13","20","4","与非利士巨人争战（撒下21:15-22）"
"816","13","21","1","大卫数点以色列民（撒下24:1-25）"
"817","13","22","1","大卫筹建圣殿"
"818","13","23","2","利未人的职责"
"819","13","24","1","祭司的班次"
"820","13","24","20","利未人名单"
"821","13","25","1","圣殿中的圣乐人员"
"822","13","26","1","圣殿的卫队"
"823","13","26","20","其他职守"
"824","13","26","29","其余利未人的职守"
"825","13","27","1","军事长官名单"
"826","13","27","16","以色列各支派的行政长官"
"827","13","27","25","管理王产的官员"
"828","13","27","32","大卫的谋士"
"829","13","28","1","大卫对建殿的指示"
"830","13","29","1","为建殿而献的礼物"
"831","13","29","10","大卫称颂耶和华"
"832","13","29","26","大卫寿终"
"833","14","1","1","所罗门王求智慧（王上3:1-15）"
"834","14","1","14","所罗门的权力和财力（王上10:26-29）"
"835","14","2","1","所罗门筹建圣殿（王上5:1-18）"
"836","14","2","17","圣殿工程动工（王上6:1-38）"
"837","14","3","15","两根铜柱（王上7:15-22）"
"838","14","4","1","圣殿的设备（王上7:23-51）"
"839","14","5","2","运约柜入殿（王上8:1-9）"
"840","14","5","11","　神的荣光充满圣殿"
"841","14","6","1","所罗门向百姓宣告（王上8:12-21）"
"842","14","6","12","所罗门的祷告（王上8:22-53）"
"843","14","7","1","圣殿奉献礼（王上8:62-66）"
"844","14","7","11","　神再次向所罗门显现（王上9:1-9）"
"845","14","8","1","所罗门的功业（王上9:10-28）"
"846","14","9","1","示巴女王访问所罗门（王上10:1-13）"
"847","14","9","13","所罗门王的财富（王上10:14-25）"
"848","14","9","29","所罗门寿终（王上11:41-43）"
"849","14","10","1","北部支派的反叛（王上12:1-20）"
"850","14","11","1","示玛雅的预言（王上12:21-24）"
"851","14","11","5","罗波安修筑诸城"
"852","14","11","13","祭司和利未人都归犹大"
"853","14","11","18","罗波安的家室"
"854","14","12","1","埃及侵犯犹大（王上14:25-28）"
"855","14","12","13","罗波安去世"
"856","14","13","1","亚比雅与耶罗波安争战（王上15:1-8）"
"857","14","14","1","亚撒王击败古实人"
"858","14","15","1","亚撒的改革"
"859","14","16","1","犹大与以色列争战（王上15:17-22）"
"860","14","16","7","先知哈拿尼"
"861","14","16","11","亚撒去世（王上15:23-24）"
"862","14","17","1","犹大国王约沙法"
"863","14","17","10","约沙法的功绩"
"864","14","18","1","先知米该雅警告亚哈王（王上22:1-28）"
"865","14","18","28","亚哈阵亡（王上22:29-35）"
"866","14","19","1","先知斥责约沙法"
"867","14","19","4","约沙法的改革"
"868","14","20","1","与以东交战"
"869","14","20","31","约沙法去世（王上22:41-50）"
"870","14","21","2","犹大国王约兰（王下8:17-24）"
"871","14","22","1","犹大国王亚哈谢（王下8:25-29，9:21-28）"
"872","14","22","10","亚他利雅篡位（王下11:1-3）"
"873","14","23","1","推翻亚他利雅（王下11:4-16）"
"874","14","23","16","耶何耶大的改革（王下11:17-20）"
"875","14","24","1","犹大国王约阿施（王下12:1-16）"
"876","14","24","14","耶何耶大的政策被废弃"
"877","14","24","23","约阿施被杀"
"878","14","25","1","犹大国王亚玛谢（王下14:2-6）"
"879","14","25","5","与以东交战（王下14:7）"
"880","14","25","17","与以色列争战（王下14:8-20）"
"881","14","26","1","犹大国王乌西雅（王下14:21-22，15:1-7）"
"882","14","26","16","乌西雅因骄傲受惩"
"883","14","27","1","犹大国王约坦（王下15:32-38）"
"884","14","28","1","犹大国王亚哈斯（王下16:1-4）"
"885","14","28","5","与亚兰和以色列交战（王下16:5）"
"886","14","28","9","先知俄德"
"887","14","28","16","亚哈斯向亚述王求援（王下16:7-9）"
"888","14","28","22","亚哈斯的罪行"
"889","14","29","1","犹大国王希西家（王下18:1-3）"
"890","14","29","3","洁净圣殿"
"891","14","29","18","重新奉献圣殿"
"892","14","30","1","预备守逾越节"
"893","14","30","13","守逾越节"
"894","14","30","23","再度守节"
"895","14","31","1","希西家的改革"
"896","14","32","1","亚述王恐吓耶路撒冷（王下18:13-37，19:14-19、35-37；赛36:1-22，37:8-38）"
"897","14","32","24","希西家病重（王下20:1-3、12-19；赛38:1-3，39:1-8）"
"898","14","32","27","希西家的财富和尊荣"
"899","14","32","32","希西家去世（王下20:20-21）"
"900","14","33","1","犹大国王玛拿西（王下21:1-9）"
"901","14","33","10","玛拿西悔改"
"902","14","33","18","玛拿西去世（王下21:17-18）"
"903","14","33","21","犹大国王亚们（王下21:19-26）"
"904","14","34","1","犹大国王约西亚（王下22:1-2）"
"905","14","34","3","约西亚清除偶像"
"906","14","34","8","发现律法书（王下22:3-20）"
"907","14","34","29","约西亚立约顺从主（王下23:1-20）"
"908","14","35","1","约西亚守逾越节（王下23:21-23）"
"909","14","35","20","约西亚阵亡（王下23:28-30）"
"910","14","36","1","犹大国王约哈斯（王下23:30-34）"
"911","14","36","5","犹大国王约雅敬（王下23:36-24:7）"
"912","14","36","9","犹大国王约雅斤（王下24:8-17）"
"913","14","36","11","犹大国王西底家（王下24:18-20；耶52:1-3）"
"914","14","36","13","耶路撒冷陷落（王下25:1-21；耶52:3-11）"
"915","14","36","22","居鲁士王下令犹大人返国建殿（拉1:1-4）"
"916","15","1","1","居鲁士王准许犹大人返国建殿"
"917","15","2","1","被掳归回者名单（尼7:4-73）"
"918","15","3","1","恢复敬拜　神的生活"
"919","15","3","8","开始重建圣殿"
"920","15","4","1","建殿工程受阻"
"921","15","4","6","波斯王下令停止重建耶路撒冷"
"922","15","4","24","恢复重建圣殿工作"
"923","15","6","1","发现居鲁士王原有的诏令"
"924","15","6","6","大流士王下令继续建殿"
"925","15","6","13","圣殿奉献典礼"
"926","15","6","19","守逾越节"
"927","15","7","1","以斯拉到达耶路撒冷"
"928","15","7","11","亚达薛西王给以斯拉的文件"
"929","15","7","27","以斯拉称颂耶和华"
"930","15","8","1","从被掳之地回来的人"
"931","15","8","15","以斯拉为圣殿召集利未人"
"932","15","8","21","以斯拉领百姓禁食祷告"
"933","15","8","24","献给圣殿的礼物"
"934","15","8","31","返回耶路撒冷"
"935","15","9","1","以斯拉因百姓与异族通婚认罪祈祷"
"936","15","10","1","终止异族婚姻的措施"
"937","15","10","18","娶外邦女子的人"
"938","16","1","1","尼希米关心耶路撒冷"
"939","16","2","1","尼希米返耶路撒冷"
"940","16","3","1","重建耶路撒冷城墙"
"941","16","3","17","造城墙的利未人"
"942","16","3","22","造城墙的祭司"
"943","16","3","27","其他建造的人"
"944","16","4","1","尼希米胜过阻挡他工作的人"
"945","16","5","1","尼希米处理官长们的剥削"
"946","16","5","14","尼希米大公无私"
"947","16","6","1","敌对尼希米的阴谋"
"948","16","6","15","工程结束"
"949","16","7","4","被掳归回者的名单（拉2:1-70）"
"950","16","8","1","以斯拉向民众宣读律法书"
"951","16","8","13","住棚节"
"952","16","9","1","以色列人承认他们的罪"
"953","16","9","6","认罪的祷告"
"954","16","10","1","在公约上签名的人"
"955","16","10","28","公约的内容"
"956","16","11","1","住在耶路撒冷的人"
"957","16","11","25","居住其他城镇的人"
"958","16","12","1","祭司和利未人的名单"
"959","16","12","10","大祭司耶书亚的后代"
"960","16","12","12","作族长的祭司"
"961","16","12","22","祭司和利未家族的记录"
"962","16","12","24","圣殿供职的班次"
"963","16","12","27","城墙落成奉献典礼"
"964","16","12","44","圣殿的各种职责"
"965","16","13","1","与外邦人隔离"
"966","16","13","4","尼希米的改革"
"967","17","1","1","瓦实提王后被废"
"968","17","2","1","以斯帖被立为王后"
"969","17","2","19","末底改救王的命"
"970","17","3","1","哈曼阴谋除灭犹大人"
"971","17","4","1","末底改向以斯帖求助"
"972","17","5","1","以斯帖为王和哈曼设筵"
"973","17","5","9","哈曼图谋杀末底改"
"974","17","6","1","王赐末底改荣誉"
"975","17","7","1","哈曼被处死"
"976","17","8","1","犹大人的反击"
"977","17","9","1","犹大人除灭他们的仇敌"
"978","17","9","20","普珥日"
"979","17","10","1","亚哈随鲁和末底改的功绩"
"980","18","1","1","撒但试探约伯"
"981","18","1","13","约伯丧失儿女和财产"
"982","18","2","1","撒但再试探约伯"
"983","18","2","11","三个朋友来安慰约伯"
"984","18","3","1","约伯咒诅自己的生日"
"985","18","4","1","第一轮对话（4:1-14:22）"
"986","18","15","1","第二轮对话（15:1-21:34）"
"987","18","22","1","第三轮对话（22:1-27:23）"
"988","18","28","1","歌颂智慧"
"989","18","29","1","约伯最后的申诉"
"990","18","32","1","以利户的发言（32:1-37:24）"
"991","18","38","1","耶和华回答约伯"
"992","18","40","3","约伯在主面前自卑"
"993","18","40","6","　神的权能和智慧"
"994","18","42","1","约伯顺服耶和华"
"995","18","42","7","耶和华加倍赐福给约伯"
"996","19","1","1","诗篇卷一
弃恶从善必蒙福"
"997","19","2","1","　神所拣选的君王"
"998","19","3","1","求助的晨祷"
"999","19","4","1","求助的晚祷"
"1000","19","5","1","求主保护"
"1001","19","6","1","患难中求助的祈祷"
"1002","19","7","1","求耶和华坚立义人"
"1003","19","8","1","　神的荣耀和人的尊贵"
"1004","19","9","1","称颂耶和华的公义"
"1005","19","10","1","为公义而祈祷"
"1006","19","11","1","在主里得安稳"
"1007","19","12","1","求助的祈祷"
"1008","19","13","1","求　神眷顾"
"1009","19","14","1","愚顽人的罪恶"
"1010","19","15","1","得居圣山者的品行"
"1011","19","16","1","为信心稳固而祈祷"
"1012","19","17","1","无辜人的祷告"
"1013","19","18","1","大卫胜利的歌"
"1014","19","19","1","造化的荣耀"
"1015","19","19","7","耶和华的律法"
"1016","19","20","1","祈求胜利"
"1017","19","21","1","为胜利而歌颂"
"1018","19","22","1","痛苦中的祷告和赞美"
"1019","19","23","1","耶和华是我牧者"
"1020","19","24","1","荣耀的王"
"1021","19","25","1","求主指引保护"
"1022","19","26","1","义人的祈祷"
"1023","19","27","1","赞美的祷告"
"1024","19","28","1","求主帮助"
"1025","19","29","1","　神的威荣"
"1026","19","30","1","感恩的祷告"
"1027","19","31","1","信靠　神的祈祷"
"1028","19","32","1","认罪与蒙赦"
"1029","19","33","1","颂赞之歌"
"1030","19","34","1","颂赞　神的美善"
"1031","19","35","1","求助的祷告"
"1032","19","36","1","恶人的罪孽"
"1033","19","36","5","　神的良善"
"1034","19","37","1","义人和恶人的结局"
"1035","19","38","1","受苦者的祈祷"
"1036","19","39","1","受苦者的认罪"
"1037","19","40","1","颂赞之歌"
"1038","19","40","12","求助的祷告（诗70）"
"1039","19","41","1","病中祈祷"
"1040","19","42","1","诗篇卷二
流亡异乡者的祷告（一）"
"1041","19","43","1","流亡异乡者的祷告（二）"
"1042","19","44","1","求主保护"
"1043","19","45","1","王家婚礼诗歌"
"1044","19","46","1","　神与我们同在"
"1045","19","47","1","至高的主宰"
"1046","19","48","1","锡安─　神的城"
"1047","19","49","1","依仗财富的愚顽"
"1048","19","50","1","真实的敬拜"
"1049","19","51","1","大卫的悔罪诗"
"1050","19","52","1","　神的审判和恩惠"
"1051","19","53","1","愚顽人的罪恶"
"1052","19","54","1","遭敌迫害求主保护"
"1053","19","55","1","被友出卖者的祷告"
"1054","19","56","1","信靠　神的祈祷"
"1055","19","57","1","求主施援"
"1056","19","58","1","求　神罚恶"
"1057","19","59","1","为安全求主施助"
"1058","19","60","1","求主解救"
"1059","19","61","1","求主保佑"
"1060","19","62","1","在　神保佑中安稳自在"
"1061","19","63","1","渴慕　神"
"1062","19","64","1","求主保护"
"1063","19","65","1","颂赞主恩"
"1064","19","66","1","颂赞感恩的诗"
"1065","19","67","1","感恩的诗"
"1066","19","68","1","胜利之歌"
"1067","19","69","1","求助的祷告"
"1068","19","70","1","求助的祈祷（诗40:13-17）"
"1069","19","71","1","老年人的祈祷"
"1070","19","72","1","为王祈祷"
"1071","19","73","1","诗篇卷三
　神的公正"
"1072","19","74","1","哀诉圣殿被毁"
"1073","19","75","1","　神是审判者"
"1074","19","76","1","　神是胜利者"
"1075","19","77","1","遇难时得安慰"
"1076","19","78","1","　神与他的子民"
"1077","19","79","1","求主解救国家"
"1078","19","80","1","求主复兴国家"
"1079","19","81","1","圣洁的诗"
"1080","19","82","1","　神是最高的主宰"
"1081","19","83","1","求主败敌"
"1082","19","84","1","渴慕耶和华的殿宇"
"1083","19","85","1","为国求福"
"1084","19","86","1","求主恩赐"
"1085","19","87","1","锡安颂"
"1086","19","88","1","求主眷顾"
"1087","19","89","1","困难中的圣诗"
"1088","19","89","19","　神对大卫的应许"
"1089","19","89","38","君主惨败的哀歌"
"1090","19","89","46","求救的祷告"
"1091","19","90","1","诗篇卷四
神人摩西的祈祷"
"1092","19","91","1","　神是我们的保护者"
"1093","19","92","1","颂赞之诗"
"1094","19","93","1","　神是王"
"1095","19","94","1","　神审判万人"
"1096","19","95","1","颂赞之诗"
"1097","19","96","1","　神是最高的君王（代上16:23-33）"
"1098","19","97","1","　神是最高的统治者"
"1099","19","98","1","　神掌管世界"
"1100","19","99","1","　神是至高之王"
"1101","19","100","1","颂赞之诗"
"1102","19","101","1","君王的许诺"
"1103","19","102","1","遭难中的祈祷"
"1104","19","103","1","耶和华的慈爱"
"1105","19","104","1","称颂创造主"
"1106","19","105","1","　神和他的子民（代上16:8-22）"
"1107","19","106","1","　神对他子民的良善"
"1108","19","107","1","诗篇卷五
颂赞　神的良善"
"1109","19","108","1","抗敌求助（诗57:7-11，60:5-12）"
"1110","19","109","1","遭难者的苦诉"
"1111","19","110","1","耶和华及其所选之王"
"1112","19","111","1","赞美耶和华"
"1113","19","112","1","义人之福"
"1114","19","113","1","赞美耶和华的良善"
"1115","19","114","1","逾越节之歌"
"1116","19","115","1","独一真神"
"1117","19","116","1","为出死入生而赞美　神"
"1118","19","117","1","赞美耶和华"
"1119","19","118","1","为胜利称谢耶和华"
"1120","19","119","1","耶和华的律法"
"1121","19","119","9","顺从耶和华的律法"
"1122","19","119","17","因耶和华的律法而蒙福"
"1123","19","119","25","决定遵行耶和华的律法"
"1124","19","119","33","求主赐悟性"
"1125","19","119","41","倚靠耶和华的律法"
"1126","19","119","49","因耶和华的律法而安稳"
"1127","19","119","57","深爱耶和华的律法"
"1128","19","119","65","耶和华律法的宝贵"
"1129","19","119","73","耶和华律法的公正"
"1130","19","119","81","求主解救"
"1131","19","119","89","信赖耶和华的律法"
"1132","19","119","97","喜爱耶和华的律法"
"1133","19","119","105","耶和华律法的亮光"
"1134","19","119","113","因耶和华律法得安全"
"1135","19","119","121","遵从耶和华的律法"
"1136","19","119","129","渴慕遵行耶和华的律法"
"1137","19","119","137","耶和华律法的公正"
"1138","19","119","145","求主拯救"
"1139","19","119","153","请求恩助"
"1140","19","119","161","热爱耶和华的律法"
"1141","19","119","169","求主帮助"
"1142","19","120","1","求主恩助"
"1143","19","121","1","耶和华是我们的保护者"
"1144","19","122","1","耶路撒冷颂"
"1145","19","123","1","求主怜悯"
"1146","19","124","1","　神是他子民的保护者"
"1147","19","125","1","耶和华子民的安全"
"1148","19","126","1","归回者的欢乐"
"1149","19","127","1","称颂　神的良善"
"1150","19","128","1","敬畏耶和华者有福"
"1151","19","129","1","求耶和华退敌"
"1152","19","130","1","求助的祈祷"
"1153","19","131","1","谦卑靠主"
"1154","19","132","1","圣殿颂"
"1155","19","133","1","弟兄相爱颂"
"1156","19","134","1","当称颂主"
"1157","19","135","1","称颂的圣诗"
"1158","19","136","1","感恩的启应诗"
"1159","19","137","1","以色列人被掳的哀歌"
"1160","19","138","1","感恩的祷告"
"1161","19","139","1","耶和华的全知与眷顾"
"1162","19","140","1","求耶和华护佑"
"1163","19","141","1","哀求脱离恶人网罗"
"1164","19","142","1","求主眷顾"
"1165","19","143","1","求主拯救"
"1166","19","144","1","君王为胜利感恩"
"1167","19","145","1","称颂的圣诗"
"1168","19","146","1","赞美耶和华的救助"
"1169","19","147","1","赞美　神的全能"
"1170","19","148","1","宣召万有赞美耶和华"
"1171","19","149","1","赞美的圣诗"
"1172","19","150","1","赞美耶和华"
"1173","20","1","1","箴言的价值"
"1174","20","1","7","给年青人的忠告"
"1175","20","1","20","智慧呼唤人"
"1176","20","2","1","智慧的赏赐"
"1177","20","3","1","给青年人的忠告"
"1178","20","4","1","智慧的益处"
"1179","20","5","1","当远避淫行"
"1180","20","6","1","不要轻易作保"
"1181","20","6","6","不要懒惰"
"1182","20","6","12","警告恶徒"
"1183","20","6","20","警告勿犯淫乱"
"1184","20","7","6","淫乱的妇人"
"1185","20","8","1","智慧颂"
"1186","20","9","1","智慧和愚蠢"
"1187","20","10","1","所罗门的箴言"
"1188","20","22","17","智言三十则"
"1189","20","24","23","其他智言"
"1190","20","25","1","所罗门的另一些箴言"
"1191","20","30","1","亚古珥语录"
"1192","20","30","7","其他箴言"
"1193","20","31","1","给君王的忠告"
"1194","20","31","10","论贤妻"
"1195","21","1","1","人生的虚空"
"1196","21","1","12","传道者的经验"
"1197","21","3","1","万事均有定时"
"1198","21","3","16","世上的不公平"
"1199","21","5","1","不可随便许愿"
"1200","21","5","8","人生是虚空的"
"1201","21","7","1","智愚之别"
"1202","21","8","2","服从君王"
"1203","21","8","10","恶人和义人"
"1204","21","9","13","智慧胜过武力"
"1205","21","11","1","智慧人的作为"
"1206","21","11","9","对年轻人的忠告"
"1207","21","12","9","结论"
"1208","22","1","2","第一首
〔新娘〕"
"1209","22","1","8","〔新郎〕"
"1210","22","1","12","〔新娘〕"
"1211","22","1","15","〔新郎〕"
"1212","22","1","16","〔新娘〕"
"1213","22","2","2","〔新郎〕"
"1214","22","2","3","〔新娘〕"
"1215","22","2","8","第二首
〔新娘〕"
"1216","22","2","10","〔新郎〕"
"1217","22","2","16","〔新娘〕"
"1218","22","3","6","第三首
〔新娘〕"
"1219","22","4","1","〔新郎〕"
"1220","22","4","16","〔新娘〕"
"1221","22","5","1","〔新郎〕"
"1222","22","5","1","〔耶路撒冷的众女子〕"
"1223","22","5","2","第四首
〔新娘〕"
"1224","22","5","2","〔新郎〕"
"1225","22","5","3","〔新娘〕"
"1226","22","5","9","〔耶路撒冷的众女子〕"
"1227","22","5","10","〔新娘〕"
"1228","22","6","1","〔耶路撒冷的众女子〕"
"1229","22","6","2","〔新娘〕"
"1230","22","6","4","第五首
〔新郎〕"
"1231","22","6","13","〔耶路撒冷的众女子〕"
"1232","22","6","13","〔新娘〕"
"1233","22","7","1","〔新郎〕"
"1234","22","7","9","〔新娘〕"
"1235","22","8","5","第六首
〔耶路撒冷的众女子〕"
"1236","22","8","5","〔新娘〕"
"1237","22","8","8","〔新娘的兄弟〕"
"1238","22","8","10","〔新娘〕"
"1239","22","8","11","〔新郎〕"
"1240","22","8","14","〔新娘〕"
"1241","23","1","2","　神责备以色列"
"1242","23","1","21","罪大恶极的城"
"1243","23","2","1","永恒的和平（弥4:1-3）"
"1244","23","2","6","骄者必败"
"1245","23","3","1","耶路撒冷的混乱"
"1246","23","3","13","耶和华审判众民"
"1247","23","3","16","对耶路撒冷的警告"
"1248","23","4","2","耶路撒冷的重建"
"1249","23","5","1","葡萄园之歌"
"1250","23","5","8","人的恶行"
"1251","23","6","1","　神呼召以赛亚作先知"
"1252","23","7","1","传给亚哈斯王的信息"
"1253","23","7","10","以马内利的记号"
"1254","23","8","1","用以赛亚儿子的名作记号"
"1255","23","8","5","主晓谕入侵临近"
"1256","23","8","11","耶和华警告先知"
"1257","23","8","16","不要求问巫师"
"1258","23","8","21","遭难的时候"
"1259","23","9","1","将要来的弥赛亚"
"1260","23","9","8","耶和华要惩罚以色列"
"1261","23","10","5","　神用亚述王为工具"
"1262","23","10","20","剩余之民将归回"
"1263","23","10","24","耶和华要惩罚亚述"
"1264","23","10","28","侵略者进攻"
"1265","23","11","1","弥赛亚的国度"
"1266","23","11","10","被掳的人归回"
"1267","23","12","1","感恩的诗歌"
"1268","23","13","1","　神要惩罚巴比伦"
"1269","23","14","1","耶和华怜恤雅各"
"1270","23","14","3","巴比伦王下到阴间"
"1271","23","14","22","　神要毁灭巴比伦"
"1272","23","14","24","　神要毁灭亚述"
"1273","23","14","28","　神要毁灭非利士"
"1274","23","15","1","　神要毁灭摩押"
"1275","23","16","1","摩押的难民逃到犹大"
"1276","23","17","1","　神要刑罚亚兰和以色列"
"1277","23","17","12","敌国都被击败"
"1278","23","18","1","　神要责罚古实"
"1279","23","19","1","　神要惩罚埃及"
"1280","23","20","1","先知露体赤脚作预兆"
"1281","23","21","1","巴比伦的覆灭"
"1282","23","21","11","论以东的信息"
"1283","23","21","13","论阿拉伯的信息"
"1284","23","22","1","论耶路撒冷的信息"
"1285","23","22","15","对舍伯那的警告"
"1286","23","23","1","　神要责罚推罗的海港"
"1287","23","24","1","耶和华要责罚世界"
"1288","23","25","1","一首赞美诗"
"1289","23","25","6","　神要为万民预备筵席"
"1290","23","25","10","　神要刑罚摩押"
"1291","23","26","1","　神使他的百姓得胜"
"1292","23","26","20","审判和复兴"
"1293","23","28","1","对北国的警告"
"1294","23","28","7","责备醉酒的祭司和先知"
"1295","23","28","14","锡安的房角石"
"1296","23","28","23","　神的智慧"
"1297","23","29","1","耶路撒冷的命运"
"1298","23","29","9","没有人听警告"
"1299","23","29","15","将来的希望"
"1300","23","30","1","与埃及订立无用的条约"
"1301","23","30","8","不顺服的百姓"
"1302","23","30","19","　神要赐福给他的子民"
"1303","23","30","27","　神要惩罚亚述"
"1304","23","31","1","　神要保护耶路撒冷"
"1305","23","32","1","公义的王"
"1306","23","32","9","审判和复兴"
"1307","23","33","1","求救的祈祷"
"1308","23","33","10","耶和华对敌人的警告"
"1309","23","33","17","光荣的将来"
"1310","23","34","1","　神要惩罚仇敌"
"1311","23","35","1","神圣之路"
"1312","23","36","1","亚述王威胁耶路撒冷（王下18:13-37；代下32:1-19）"
"1313","23","37","1","希西家王派人求问以赛亚（王下19:1-7）"
"1314","23","37","8","亚述王再来威胁（王下19:8-19）"
"1315","23","37","21","以赛亚给王的信息（王下19:20-37）"
"1316","23","38","1","希西家王的疾病和痊愈（王下20:1-11；代下32:24-26）"
"1317","23","39","1","巴比伦王的使节（王下20:12-19）"
"1318","23","40","1","安慰耶路撒冷的话"
"1319","23","40","12","以色列的　神无可比拟"
"1320","23","41","1","　神对以色列的应许"
"1321","23","41","21","假神全属虚无"
"1322","23","42","1","耶和华的仆人"
"1323","23","42","10","颂赞之歌"
"1324","23","42","14","　神应许帮助他的子民"
"1325","23","42","18","以色列不听警戒"
"1326","23","43","1","　神应许拯救他的子民"
"1327","23","43","8","以色列是耶和华的见证人"
"1328","23","43","14","逃离巴比伦"
"1329","23","43","22","以色列人的罪恶"
"1330","23","44","1","耶和华是独一的　神"
"1331","23","44","9","虚无的偶像"
"1332","23","44","21","耶和华是创造主与救赎主"
"1333","23","45","1","耶和华立居鲁士为王"
"1334","23","45","9","创造和历史的主宰"
"1335","23","45","20","天地之主和巴比伦的偶像"
"1336","23","47","1","审判巴比伦"
"1337","23","48","1","　神掌管未来"
"1338","23","48","12","耶和华拣选居鲁士"
"1339","23","48","17","耶和华对他子民的计划"
"1340","23","49","1","以色列是外邦之光"
"1341","23","49","8","耶路撒冷的复兴"
"1342","23","50","4","耶和华仆人的顺服"
"1343","23","51","1","安慰锡安的话"
"1344","23","51","17","耶路撒冷苦难的终结"
"1345","23","52","1","　神要拯救耶路撒冷"
"1346","23","52","13","耶和华受苦的仆人"
"1347","23","54","1","耶和华对以色列的爱"
"1348","23","54","11","耶路撒冷的将来"
"1349","23","55","1","　神要施怜悯"
"1350","23","56","1","　神的子民将遍及各国"
"1351","23","56","9","以色列的领袖被定罪"
"1352","23","57","1","以色列拜偶像被定罪"
"1353","23","57","14","　神应许帮助和医治"
"1354","23","58","1","真正的禁食"
"1355","23","58","13","尊重安息日"
"1356","23","59","1","先知指责百姓的罪恶"
"1357","23","59","9","百姓悔罪"
"1358","23","59","15","耶和华准备拯救他的子民"
"1359","23","60","1","耶路撒冷未来的荣耀"
"1360","23","61","1","拯救的好消息"
"1361","23","63","1","耶和华恩待以色列"
"1362","23","63","7","耶和华对以色列的怜悯"
"1363","23","63","15","求主怜悯帮助"
"1364","23","65","1","　神对背逆者的惩罚"
"1365","23","65","17","新天新地"
"1366","23","66","1","　神审判万民"
"1367","24","1","4","耶利米蒙选召"
"1368","24","1","11","两个异象"
"1369","24","2","1","　神眷顾以色列"
"1370","24","2","4","以色列祖先的罪恶"
"1371","24","2","9","　神谴责他的子民"
"1372","24","2","14","以色列不忠的结局"
"1373","24","2","20","以色列拒绝敬拜耶和华"
"1374","24","2","26","以色列该受惩罚"
"1375","24","3","1","不忠心的以色列"
"1376","24","3","6","以色列和犹大应当悔改"
"1377","24","3","19","　神的子民拜偶像"
"1378","24","4","1","呼召以色列悔改"
"1379","24","4","5","外患威胁犹大"
"1380","24","4","13","犹大被敌人围困"
"1381","24","4","19","耶利米为同胞担忧"
"1382","24","4","23","耶利米的异象─将要来临的毁灭"
"1383","24","5","1","耶路撒冷的罪"
"1384","24","5","12","以色列不认耶和华而受攻击"
"1385","24","5","20","　神警告他的子民"
"1386","24","6","1","耶路撒冷受敌人围攻"
"1387","24","6","9","叛逆的以色列"
"1388","24","6","16","以色列拒绝　神的道路"
"1389","24","6","22","北方来的侵略者"
"1390","24","7","1","耶利米在圣殿讲道"
"1391","24","7","16","百姓违背命令"
"1392","24","7","29","在欣嫩子谷的罪行"
"1393","24","8","4","犯罪与惩罚"
"1394","24","8","18","耶利米为同胞悲伤"
"1395","24","9","17","耶路撒冷哀求援助"
"1396","24","10","1","惟耶和华是真神"
"1397","24","10","12","颂赞　神的诗"
"1398","24","10","17","预告被掳"
"1399","24","11","1","耶利米宣告　神的约"
"1400","24","11","18","杀害耶利米的阴谋"
"1401","24","12","1","耶利米求问耶和华"
"1402","24","12","7","耶和华为他的子民忧伤"
"1403","24","12","14","耶和华对以色列邻国的许诺"
"1404","24","13","1","腰带的比喻"
"1405","24","13","12","酒坛的比喻"
"1406","24","13","15","耶利米警告狂傲的行为"
"1407","24","14","1","可怕的旱灾"
"1408","24","14","19","百姓恳求耶和华怜悯"
"1409","24","15","1","犹大百姓的厄运"
"1410","24","15","10","耶利米向耶和华诉苦"
"1411","24","16","1","耶和华要耶利米过孤独生活"
"1412","24","16","14","从被掳中归回本土"
"1413","24","16","16","将要临到的惩罚"
"1414","24","16","19","耶利米的信心祈祷"
"1415","24","17","1","犹大的罪和惩罚"
"1416","24","17","5","训诲集"
"1417","24","17","14","耶利米求主帮助"
"1418","24","17","19","关于遵守安息日"
"1419","24","18","1","耶利米在陶匠的家"
"1420","24","18","13","百姓忘记耶和华"
"1421","24","18","18","谋害耶利米"
"1422","24","19","1","破碎的瓶"
"1423","24","20","1","耶利米和巴施户珥的冲突"
"1424","24","20","7","耶利米向主抱怨"
"1425","24","21","1","预言耶路撒冷毁灭"
"1426","24","21","11","审判犹大王室"
"1427","24","22","1","耶利米对犹大王的警告"
"1428","24","22","10","关于约哈斯"
"1429","24","22","13","关于约雅敬"
"1430","24","22","20","关于耶路撒冷百姓的命运"
"1431","24","22","24","　神审判哥尼雅"
"1432","24","23","1","将来的希望"
"1433","24","23","9","对假先知的警告"
"1434","24","23","33","耶和华的默示"
"1435","24","24","1","两筐无花果"
"1436","24","25","1","北方来的敌人"
"1437","24","25","15","　神审判列国"
"1438","24","26","1","耶利米受审"
"1439","24","27","1","耶利米负轭"
"1440","24","28","1","耶利米和先知哈拿尼雅"
"1441","24","29","1","耶利米写信给巴比伦的犹大人"
"1442","24","29","24","示玛雅的信件"
"1443","24","30","1","耶和华给他子民的应许"
"1444","24","31","1","以色列人归回"
"1445","24","31","15","耶和华怜悯以色列"
"1446","24","31","23","　神子民的光明前途"
"1447","24","32","1","耶利米购置田地"
"1448","24","32","16","耶利米的祈祷"
"1449","24","32","36","复兴的应许"
"1450","24","33","1","重申复兴的应许"
"1451","24","34","1","给西底家的信息"
"1452","24","34","8","释放奴隶的约"
"1453","24","35","1","耶利米和利甲族"
"1454","24","36","1","巴录在圣殿里宣读书卷"
"1455","24","36","11","向官员宣读书卷"
"1456","24","36","20","约雅敬焚烧书卷"
"1457","24","36","27","耶利米再写一书卷"
"1458","24","37","1","西底家求耶利米代祷"
"1459","24","37","11","耶利米被捕入狱"
"1460","24","38","1","耶利米在枯井里"
"1461","24","38","14","西底家问计于耶利米"
"1462","24","39","1","耶路撒冷陷落"
"1463","24","39","11","耶利米被释放"
"1464","24","39","15","耶和华应许救以伯米勒"
"1465","24","40","1","耶利米和基大利同住"
"1466","24","40","7","基大利被委派为总督"
"1467","24","40","13","基大利被暗杀"
"1468","24","42","1","百姓求耶利米代祷"
"1469","24","42","7","耶和华回答耶利米的祷告"
"1470","24","43","1","耶利米被带到埃及"
"1471","24","44","1","耶和华给在埃及的犹大人信息"
"1472","24","45","1","耶和华给巴录的许诺"
"1473","24","46","1","埃及在迦基米施受挫"
"1474","24","46","13","尼布甲尼撒来犯"
"1475","24","46","27","耶和华要救他的子民"
"1476","24","47","1","有关非利士的话"
"1477","24","48","1","摩押的毁灭"
"1478","24","48","11","摩押的城镇被毁灭"
"1479","24","48","26","摩押要受凌辱"
"1480","24","48","40","摩押无路可逃"
"1481","24","49","1","耶和华审判亚扪"
"1482","24","49","7","耶和华审判以东"
"1483","24","49","23","耶和华审判大马士革"
"1484","24","49","28","审判基达和夏琐城"
"1485","24","49","34","耶和华审判以拦"
"1486","24","50","1","预言巴比伦被攻取"
"1487","24","50","4","以色列人归回"
"1488","24","50","11","巴比伦陷落"
"1489","24","50","17","以色列人必蒙赦免"
"1490","24","50","21","　神审判巴比伦"
"1491","24","51","1","再审判巴比伦"
"1492","24","51","15","颂赞　神的诗歌"
"1493","24","51","20","耶和华的铁锤"
"1494","24","51","24","惩罚巴比伦"
"1495","24","51","36","耶和华要帮助以色列"
"1496","24","51","41","巴比伦的命运"
"1497","24","51","50","给在巴比伦的犹大人的信息"
"1498","24","51","54","巴比伦灭亡"
"1499","24","51","59","耶利米的信息传到巴比伦"
"1500","24","52","1","耶路撒冷的陷落（王下24:18-25:7）"
"1501","24","52","12","圣殿毁灭（王下25:8-17）"
"1502","24","52","24","犹大人被掳到巴比伦（王下25:18-21、27-30）"
"1503","25","1","1","耶路撒冷的悲伤"
"1504","25","2","1","耶和华刑罚耶路撒冷"
"1505","25","3","1","惩罚和希望"
"1506","25","4","1","耶路撒冷陷落后的景象"
"1507","25","5","1","求主垂怜"
"1508","26","1","1","以西结所见的第一个异象（1:1-7:27）
　神的宝座"
"1509","26","2","1","　神选召以西结作先知"
"1510","26","3","16","耶和华派以西结作守望者"
"1511","26","3","22","以西结暂成哑巴"
"1512","26","4","1","演示耶路撒冷被困"
"1513","26","5","1","以西结剃发"
"1514","26","6","1","谴责拜偶像的罪"
"1515","26","7","1","以色列的结局临近"
"1516","26","7","14","惩罚以色列的罪恶"
"1517","26","8","1","以西结所见的第二个异象（8:1-10:22）
耶路撒冷城里的偶像崇拜"
"1518","26","9","1","耶路撒冷受惩罚"
"1519","26","10","1","耶和华的荣耀离开圣城"
"1520","26","11","1","耶路撒冷被判罪"
"1521","26","11","14","　神对被掳者的应许"
"1522","26","11","22","　神的荣耀离开耶路撒冷"
"1523","26","12","1","先知扮演难民"
"1524","26","12","17","忧虑惊惶的预兆"
"1525","26","12","21","平凡的俗语和非凡的信息"
"1526","26","13","1","斥责假先知"
"1527","26","13","17","斥责假的女先知"
"1528","26","14","1","　神斥责拜偶像的罪"
"1529","26","14","12","义人得救恶人丧亡"
"1530","26","15","1","葡萄树的比喻"
"1531","26","16","1","不忠实的耶路撒冷"
"1532","26","16","23","耶路撒冷像淫妇"
"1533","26","16","35","　神审判耶路撒冷"
"1534","26","16","44","犹大人比所多玛人更坏"
"1535","26","16","53","所多玛、撒玛利亚要复兴"
"1536","26","16","59","永远的约"
"1537","26","17","1","老鹰和葡萄树的比喻"
"1538","26","17","11","解释比喻"
"1539","26","17","22","　神对将来的应许"
"1540","26","19","1","挽歌"
"1541","26","20","1","　神的旨意，人的抗命"
"1542","26","20","33","　神的惩罚和赦免"
"1543","26","20","45","南方大火"
"1544","26","21","1","耶和华的刀"
"1545","26","21","18","巴比伦王的刀"
"1546","26","21","28","亚扪人将受刑罚"
"1547","26","22","1","耶路撒冷的过犯"
"1548","26","22","17","　神的大炼炉"
"1549","26","22","23","以色列领袖们的罪恶"
"1550","26","23","1","两座犯罪的城"
"1551","26","23","22","　神审判阿荷利巴"
"1552","26","23","36","　神审判两座犯罪的城"
"1553","26","24","1","生锈的锅"
"1554","26","24","15","先知妻子的死"
"1555","26","25","1","预言亚扪受惩罚"
"1556","26","25","8","斥责摩押"
"1557","26","25","12","斥责以东"
"1558","26","25","15","斥责非利士"
"1559","26","26","1","斥责推罗"
"1560","26","27","1","哀悼推罗的挽歌"
"1561","26","28","1","斥责推罗王"
"1562","26","28","11","推罗王的结局"
"1563","26","28","20","斥责西顿"
"1564","26","28","24","以色列要蒙福"
"1565","26","29","1","斥责埃及"
"1566","26","29","17","尼布甲尼撒要征服埃及"
"1567","26","30","1","耶和华要惩罚埃及"
"1568","26","30","20","埃及将衰败"
"1569","26","31","1","以香柏树比拟埃及"
"1570","26","32","1","以鳄鱼比拟埃及王"
"1571","26","32","17","为埃及哀号"
"1572","26","33","1","　神指派以西结作守望者（3:16-21）"
"1573","26","33","10","个人的责任"
"1574","26","33","21","耶路撒冷陷落的消息"
"1575","26","33","23","百姓的罪"
"1576","26","33","30","先知传讲信息的结果"
"1577","26","34","1","以色列的牧人"
"1578","26","34","11","好牧人"
"1579","26","35","1","　神惩罚以东"
"1580","26","36","1","　神赐福给以色列"
"1581","26","36","16","以色列的新生活"
"1582","26","37","1","枯骨复苏"
"1583","26","37","15","犹大和以色列将要联合"
"1584","26","38","1","歌革─耶和华的工具"
"1585","26","38","18","　神惩罚歌革"
"1586","26","39","1","歌革被击败"
"1587","26","39","11","歌革的埋葬"
"1588","26","39","21","以色列的复兴"
"1589","26","40","1","新圣殿的异象（40:1-48:35）
以西结被带到耶路撒冷"
"1590","26","40","5","东门"
"1591","26","40","17","外院"
"1592","26","40","20","北门"
"1593","26","40","24","南门"
"1594","26","40","28","内院的南门"
"1595","26","40","32","内院的东门"
"1596","26","40","35","内院的北门"
"1597","26","40","38","厢房"
"1598","26","40","47","内院和圣殿"
"1599","26","41","5","靠圣殿墙边的厢房"
"1600","26","41","12","西边的屋子"
"1601","26","41","13","圣殿的尺寸"
"1602","26","41","16","圣殿的内部"
"1603","26","41","23","门"
"1604","26","42","1","圣殿附近的两座屋子"
"1605","26","42","15","圣殿周围的尺寸"
"1606","26","43","1","耶和华回到圣殿"
"1607","26","43","13","祭坛"
"1608","26","43","18","奉献祭坛"
"1609","26","44","1","东门的使用"
"1610","26","44","4","进入圣殿的规定"
"1611","26","44","10","不准当祭司的利未人"
"1612","26","44","15","祭司"
"1613","26","45","1","归给耶和华的土地"
"1614","26","45","7","君王的土地"
"1615","26","45","9","君王应守的规例"
"1616","26","45","18","节期"
"1617","26","46","1","君王和节期"
"1618","26","46","13","每日的祭"
"1619","26","46","16","王和土地"
"1620","26","46","19","圣殿的厨房"
"1621","26","47","1","从圣殿流出的水"
"1622","26","47","13","地界"
"1623","26","48","1","各支派分配土地"
"1624","26","48","8","中部特区"
"1625","26","48","23","其他支派的土地"
"1626","26","48","30","耶路撒冷的城门"
"1627","27","1","1","但以理和他的朋友们（1:1-6:28）
但以理在尼布甲尼撒的宫廷里"
"1628","27","2","14","　神把梦的意思指示但以理"
"1629","27","2","24","但以理为王解梦"
"1630","27","2","46","王奖赏但以理"
"1631","27","3","1","尼布甲尼撒下令拜金像"
"1632","27","3","8","但以理的三个朋友被控违令"
"1633","27","3","19","但以理的三个朋友被扔入火窑"
"1634","27","3","26","三人获释且得高升"
"1635","27","4","1","尼布甲尼撒的第二个梦"
"1636","27","4","19","但以理解梦"
"1637","27","4","34","尼布甲尼撒颂赞　神"
"1638","27","5","1","伯沙撒王的宴会"
"1639","27","5","13","但以理解释墙上的字"
"1640","27","6","1","但以理在狮子坑中"
"1641","27","7","1","但以理叙述异象（7:1-12:13）
四兽的异象"
"1642","27","7","9","亘古常在者的显现"
"1643","27","7","15","解释异象"
"1644","27","8","1","公绵羊、公山羊的异象"
"1645","27","8","15","天使加百列解释异象"
"1646","27","9","1","但以理为同胞祷告"
"1647","27","9","20","加百列解释预言"
"1648","27","10","1","底格里斯大河边的异象"
"1649","27","11","2","南方王和北方王"
"1650","27","11","21","北方的恶王"
"1651","27","12","1","末日复活的盼望"
"1652","28","1","2","何西阿的妻子和儿女"
"1653","28","1","10","以色列必复兴"
"1654","28","2","2","不贞的歌蔑─不忠的以色列"
"1655","28","2","14","　神对他子民的爱"
"1656","28","3","1","何西阿赎回不贞的妻"
"1657","28","4","1","耶和华谴责以色列"
"1658","28","4","4","谴责祭司"
"1659","28","4","11","谴责拜偶像的罪"
"1660","28","5","4","何西阿警告拜偶像的人"
"1661","28","5","8","犹大和以色列的战争"
"1662","28","6","1","劝民务要认识耶和华"
"1663","28","6","4","以色列无悔改诚意"
"1664","28","7","3","宫廷内乱"
"1665","28","7","8","以色列和列邦"
"1666","28","8","1","以色列人因拜偶像被定罪"
"1667","28","9","1","何西阿宣布以色列受惩罚"
"1668","28","9","10","以色列的罪及其后果"
"1669","28","9","15","耶和华审判以色列"
"1670","28","9","17","先知论以色列"
"1671","28","10","9","　神审判以色列"
"1672","28","11","1","怜爱悖逆的以色列民"
"1673","28","11","12","以色列和犹大受谴责"
"1674","28","12","7","其他的判词"
"1675","28","13","1","以色列最后的审判"
"1676","28","14","1","何西阿劝告以色列人"
"1677","28","14","4","耶和华应许赐以色列新生命"
"1678","28","14","9","结束的话"
"1679","29","1","2","百姓因歉收而悲伤"
"1680","29","2","1","以蝗虫为耶和华日子的警告"
"1681","29","2","12","呼吁百姓悔改"
"1682","29","2","18","　神再赐福泽"
"1683","29","2","28","耶和华的日子"
"1684","29","3","1","　神要审判万民"
"1685","29","3","16","　神将赐福给他的子民"
"1686","30","1","3","　神审判以色列的邻国─亚兰"
"1687","30","1","6","─非利士"
"1688","30","1","9","─推罗"
"1689","30","1","11","─以东"
"1690","30","1","13","─亚扪"
"1691","30","2","1","─摩押"
"1692","30","2","4","─犹大"
"1693","30","2","6","　神审判以色列"
"1694","30","3","3","先知的任务"
"1695","30","3","9","撒玛利亚的结局"
"1696","30","4","4","以色列的失败"
"1697","30","5","1","呼吁以色列人悔改"
"1698","30","6","1","以色列的毁灭"
"1699","30","7","1","蝗虫的异象"
"1700","30","7","4","火的异象"
"1701","30","7","7","准绳的异象"
"1702","30","7","10","阿摩司和亚玛谢"
"1703","30","8","1","夏天果子的异象"
"1704","30","8","4","以色列的结局"
"1705","30","9","1","耶和华的审判"
"1706","30","9","11","以色列的未来复兴"
"1707","31","1","1","耶和华要惩罚以东"
"1708","31","1","10","以东受罚的原因"
"1709","31","1","15","　神要审判万国"
"1710","31","1","17","以色列的胜利"
"1711","32","1","1","约拿违背耶和华的差遣"
"1712","32","2","1","约拿的祷告"
"1713","32","3","1","约拿顺服耶和华"
"1714","32","4","1","约拿发怒和　神的怜悯"
"1715","33","1","2","为撒玛利亚和耶路撒冷唱哀歌"
"1716","33","1","10","敌人逼近耶路撒冷"
"1717","33","2","1","欺压者的命运"
"1718","33","3","1","弥迦斥责以色列的领袖"
"1719","33","4","1","耶和华作王天下太平"
"1720","33","4","6","以色列人归回本国"
"1721","33","5","2","预言弥赛亚生于伯利恒"
"1722","33","5","5","解救和惩罚"
"1723","33","6","1","耶和华谴责以色列"
"1724","33","6","6","　神对世人的要求"
"1725","33","7","1","以色列人罪恶深重"
"1726","33","7","8","　神赐救恩"
"1727","33","7","14","耶和华怜悯以色列"
"1728","34","1","2","耶和华向尼尼微发怒"
"1729","34","2","1","尼尼微的倾覆"
"1730","34","3","1","尼尼微因罪恶受罚"
"1731","35","1","2","哈巴谷为不公平而诉苦求问"
"1732","35","1","5","耶和华的回答"
"1733","35","1","12","哈巴谷再次向主求问"
"1734","35","2","1","耶和华回答哈巴谷"
"1735","35","2","4","迦勒底人不义的结局"
"1736","35","3","1","哈巴谷的祈祷诗"
"1737","36","1","2","耶和华审判的日子"
"1738","36","2","1","呼吁百姓悔改"
"1739","36","2","4","以色列邻国的结局"
"1740","36","3","1","耶路撒冷的罪恶和救赎"
"1741","36","3","14","欢乐之歌"
"1742","37","1","1","耶和华命令重建圣殿"
"1743","37","1","12","百姓顺从　神的命令"
"1744","37","2","1","新殿的荣耀"
"1745","37","2","10","先知向祭司请教"
"1746","37","2","15","　神应许赐福"
"1747","37","2","20","　神给所罗巴伯的应许"
"1748","38","1","1","耶和华呼唤子民归向他"
"1749","38","1","7","马的异象"
"1750","38","1","18","角的异象"
"1751","38","2","1","准绳的异象"
"1752","38","2","6","呼唤被掳者归回"
"1753","38","3","1","大祭司的异象"
"1754","38","4","1","金灯台的异象"
"1755","38","4","6","　神给所罗巴伯的应许"
"1756","38","5","1","飞卷的异象"
"1757","38","5","5","量器中妇人的异象"
"1758","38","6","1","马车的异象"
"1759","38","6","9","为约书亚戴冠冕"
"1760","38","7","1","谴责不诚恳的禁食"
"1761","38","7","8","被掳的原因"
"1762","38","8","1","耶和华应许复兴耶路撒冷"
"1763","38","9","1","审判邻国"
"1764","38","9","9","未来的君王"
"1765","38","9","11","　神子民的复兴"
"1766","38","10","1","耶和华拯救的应许"
"1767","38","11","1","牧人被弃"
"1768","38","11","4","两个牧人"
"1769","38","12","1","耶路撒冷将蒙拯救"
"1770","38","13","7","牧人被击打"
"1771","38","14","1","耶路撒冷和列国"
"1772","39","1","2","耶和华爱以色列"
"1773","39","1","6","斥责祭司"
"1774","39","2","10","百姓对　神不忠"
"1775","39","2","17","审判之日已近"
"1776","39","3","6","十分之一捐献"
"1777","39","3","13","　神应许施怜悯"
"1778","39","4","1","耶和华的日子临近"
"1779","40","1","1","耶稣基督的家谱（路3:23-38）"
"1780","40","1","18","耶稣基督降生（路2:1-7）"
"1781","40","2","1","博士朝拜"
"1782","40","2","13","逃到埃及"
"1783","40","2","16","屠杀男孩"
"1784","40","2","19","从埃及回来"
"1785","40","3","1","施洗约翰传道（可1:1-8；路3:1-18；约1:19-28）"
"1786","40","3","13","耶稣受洗（可1:9-11；路3:21-22）"
"1787","40","4","1","耶稣受试探（可1:12-13；路4:1-13）"
"1788","40","4","12","开始在加利利传道（可1:14-15；路4:14-15）"
"1789","40","4","18","呼召四个渔夫（可1:16-20；路5:1-11）"
"1790","40","4","23","向大众传道（路6:17-19）"
"1791","40","5","1","山上宝训"
"1792","40","5","3","论福（路6:20-23）"
"1793","40","5","13","盐和光（可9:50；路14:34-35）"
"1794","40","5","17","论律法"
"1795","40","5","21","论发怒"
"1796","40","5","27","论奸淫"
"1797","40","5","31","论离婚（太19:9；可10:1-12；路16:18）"
"1798","40","5","33","论起誓"
"1799","40","5","38","论报复（路6:29-30）"
"1800","40","5","43","论爱仇敌（路6:27-28、32-36）"
"1801","40","6","1","论施舍"
"1802","40","6","5","论祷告"
"1803","40","6","9","主祷文（路11:2-4）"
"1804","40","6","14","论饶恕"
"1805","40","6","16","论禁食"
"1806","40","6","19","论天上的财宝（路12:33-34）"
"1807","40","6","22","论心里的光（路11:34-36）"
"1808","40","6","24","论　神和财利（路16:13）"
"1809","40","6","25","不要忧虑（路12:22-31）"
"1810","40","7","1","不要论断人（路6:37-38，41-42）"
"1811","40","7","7","祈求就得到（路11:9-13）"
"1812","40","7","13","要进窄门（路13:24）"
"1813","40","7","15","两种果树（路6:43-44）"
"1814","40","7","21","遵主旨得进天国（路13:25-27）"
"1815","40","7","24","两种基础（路6:47-49）"
"1816","40","8","1","洁净麻风病人（可1:40-45；路5:12-16）"
"1817","40","8","5","治好百夫长的仆人（路7:1-10）"
"1818","40","8","14","治好彼得岳母和许多病人（可1:29-34；路4:38-41）"
"1819","40","8","18","跟从耶稣的准备（路9:57-62）"
"1820","40","8","23","平静风浪（可4:35-41；路8:22-25）"
"1821","40","8","28","治好加大拉被鬼附的人（可5:1-20；路8:26-39）"
"1822","40","9","1","治好瘫痪病人（可2:1-12；路5:17-26）"
"1823","40","9","9","呼召马太（可2:13-17；路5:27-32）"
"1824","40","9","14","禁食的问题（可2:18-22；路5:33-39）"
"1825","40","9","18","治好睚鲁女儿和血漏妇女（可5:21-43；路8:40-56）"
"1826","40","9","27","两个盲人得医治"
"1827","40","9","32","治好被鬼附的哑巴"
"1828","40","9","35","庄稼多，做工的人少"
"1829","40","10","1","耶稣拣选十二使徒（可3:13-19；路6:12-16）"
"1830","40","10","5","耶稣差遣十二使徒（可6:7-13；路9:1-6）"
"1831","40","10","16","将遇到的迫害（可13:9-13；路21:12-19）"
"1832","40","10","26","不要惧怕（路12:2-7）"
"1833","40","10","32","在人的面前承认基督（路12:8-9）"
"1834","40","10","34","做门徒的代价（路12:51-53，14:26-27）"
"1835","40","10","40","服侍主的赏赐（可9:41）"
"1836","40","11","2","施洗约翰差人问主（路7:18-23）"
"1837","40","11","7","耶稣论施洗约翰（路7:24-35）"
"1838","40","11","20","耶稣责备哥拉汛等城的人（路10:13-15）"
"1839","40","11","25","到主这里来得安息（路10:21-22）"
"1840","40","12","1","安息日掐麦穗（可2:23-28；路6:1-5）"
"1841","40","12","9","治好萎缩的手（可3:1-6；路6:6-11）"
"1842","40","12","15","　神所拣选的仆人"
"1843","40","12","22","诬蔑耶稣靠鬼王赶鬼（可3:20-30；路11:14-23）"
"1844","40","12","33","树和果子（路6:43-45）"
"1845","40","12","38","法利赛人求神迹（可8:11-12；路11:29-32）"
"1846","40","12","43","七个污鬼（路11:24-26）"
"1847","40","12","46","遵父旨的人都是亲属（可3:31-35；路8:19-21）"
"1848","40","13","1","撒种的比喻（可4:1-9；路8:4-8）"
"1849","40","13","10","用比喻的目的（可4:10-12；路8:9-10）"
"1850","40","13","18","解释撒种的比喻（可4:13-20；路8:11-15）"
"1851","40","13","24","稗子的比喻"
"1852","40","13","31","芥菜种的比喻（可4:30-32；路13:18-19）"
"1853","40","13","33","面酵的比喻（路13:20-21）"
"1854","40","13","34","用比喻的原因（可4:33-34）"
"1855","40","13","36","解释稗子的比喻"
"1856","40","13","44","藏宝的比喻"
"1857","40","13","45","寻珠的比喻"
"1858","40","13","47","撒网的比喻"
"1859","40","13","51","新旧库藏"
"1860","40","13","53","拿撒勒人厌弃耶稣（可6:1-6；路4:16-30）"
"1861","40","14","1","施洗约翰的死（可6:14-29；路9:7-9）"
"1862","40","14","13","耶稣使五千人吃饱（可6:30-44；路9:10-17；约6:1-14）"
"1863","40","14","22","耶稣在海面上行走（可6:45-52；约6:15-21）"
"1864","40","14","34","治好革尼撒勒的病人（可6:53-56）"
"1865","40","15","1","论洁净（可7:1-23）"
"1866","40","15","21","迦南妇人的信心（可7:24-30）"
"1867","40","15","29","治好许多病人"
"1868","40","15","32","耶稣使四千人吃饱（可8:1-10）"
"1869","40","16","1","法利赛人求神迹（可8:11-13；路12:54-56）"
"1870","40","16","5","防备法利赛人和撒都该人的酵（可8:14-21）"
"1871","40","16","13","彼得认耶稣为基督（可8:27-30；路9:18-21）"
"1872","40","16","21","耶稣预言受难和复活（可8:31-9:1；路9:22-27）"
"1873","40","17","1","耶稣显荣（可9:2-13；路9:28-36）"
"1874","40","17","14","治好被鬼附身的孩子（可9:14-29；路9:37-43）"
"1875","40","17","22","耶稣第二次预言受难和复活（可9:30-32；路9:43-45）"
"1876","40","17","24","缴纳圣殿税"
"1877","40","18","1","天国里谁为大（可9:33-37；路9:46-48）"
"1878","40","18","6","拒绝一切罪的诱惑（可9:42-48；路17:1-2）"
"1879","40","18","10","迷失的羊（路15:3-7）"
"1880","40","18","15","怎样对待有过错的弟兄"
"1881","40","18","21","不饶恕人的恶仆"
"1882","40","19","1","耶稣关于离婚的教导（可10:1-12）"
"1883","40","19","13","耶稣为小孩祝福（可10:13-16；路18:15-17）"
"1884","40","19","16","青年财主（可10:17-31；路18:18-30）"
"1885","40","20","1","在葡萄园做工的比喻"
"1886","40","20","17","耶稣第三次预言受难和复活（可10:32-34；路18:31-34）"
"1887","40","20","20","为首与为仆（可10:35-45）"
"1888","40","20","29","治好两个盲人（可10:46-52；路18:35-43）"
"1889","40","21","1","荣入圣城（可11:1-11；路19:28-40；约12:12-19）"
"1890","40","21","12","洁净圣殿（可11:15-19；路19:45-48；约2:13-22）"
"1891","40","21","18","咒诅无花果树（可11:12-14、20-24）"
"1892","40","21","23","祭司长不服耶稣的权柄（可11:27-33；路20:1-8）"
"1893","40","21","28","两个儿子的比喻"
"1894","40","21","33","凶恶佃户的比喻（可12:1-12；路20:9-19）"
"1895","40","22","1","喜筵的比喻（路14:15-24）"
"1896","40","22","15","纳税给凯撒的问题（可12:13-17；路20:19-26）"
"1897","40","22","23","复活的问题（可12:18-27；路20:27-40）"
"1898","40","22","34","最大的诫命（可12:28-34；路10:25-28）"
"1899","40","22","41","基督与大卫的关系（可12:35-37；路20:41-44）"
"1900","40","23","1","谴责文士和法利赛人（可12:38-40；路11:37-52，20:45-47）"
"1901","40","23","37","为耶路撒冷哀哭（路13:34-35）"
"1902","40","24","1","预言圣殿被毁（可13:1-2；路21:5-6）"
"1903","40","24","3","基督再临的预兆（可13:3-13；路21:7-19）"
"1904","40","24","15","大灾难（可13:14-23；路21:20-24）"
"1905","40","24","29","人子的降临（可13:24-27；路21:25-28）"
"1906","40","24","32","无花果树的预兆（可13:28-31；路21:29-33）"
"1907","40","24","36","那日那时没有人知道（可13:32-37；路17:26-30、34-36）"
"1908","40","24","45","忠心和不忠心的仆人（路12:41-48）"
"1909","40","25","1","十童女的比喻"
"1910","40","25","14","按才受托的比喻（路19:11-27）"
"1911","40","25","31","万民受审判"
"1912","40","26","1","祭司长图谋杀害耶稣（可14:1-2；路22:1-2；约11:45-53）"
"1913","40","26","6","珍贵的香膏（可14:3-9；约12:1-8）"
"1914","40","26","14","犹大出卖耶稣（可14:10-11；路22:3-6）"
"1915","40","26","17","和门徒同度逾越节（可14:12-21；路22:7-14、21-23；约13:21-30）"
"1916","40","26","26","设立圣餐（可14:22-26；路22:15-20；林前11:23-25）"
"1917","40","26","31","预言彼得不认主（可14:27-31；路22:31-34；约13:36-38）"
"1918","40","26","36","在客西马尼祷告（可14:32-42；路22:39-46）"
"1919","40","26","47","耶稣被捕（可14:43-50；路22:47-53；约18:3-12）"
"1920","40","26","57","耶稣在公会里受审（可14:53-65；路22:54-55、63-71；约18:13-14、19-24）"
"1921","40","26","69","彼得三次不认主（可14:66-72；路22:56-62；约18:15-18、25-27）"
"1922","40","27","1","耶稣被交给彼拉多（可15:1；路23:1-2；约18:28-32）"
"1923","40","27","3","犹大的死（徒1:18-19）"
"1924","40","27","11","耶稣在彼拉多面前受审（可15:2-5；路23:3-5；约18:33-38）"
"1925","40","27","15","耶稣被判死刑（可15:6-15；路23:13-25；约18:39-19:16）"
"1926","40","27","27","兵丁戏弄耶稣（可15:16-20；约19:2-3）"
"1927","40","27","32","耶稣被钉十字架（可15:21-32；路23:26-43；约19:17-27）"
"1928","40","27","45","耶稣的死（可15:33-41；路23:44-49；约19:28-30）"
"1929","40","27","57","耶稣的安葬（可15:42-47；路23:50-56；约19:38-42）"
"1930","40","27","62","封石妥守"
"1931","40","28","1","耶稣复活（可16:1-10；路24:1-12；约20:1-10）"
"1932","40","28","11","祭司长捏造谎言"
"1933","40","28","16","门徒奉差遣（可16:14-18；路24:36-49；约20:19-23；徒1:6-8）"
"1934","41","1","1","施洗约翰传道（太3:1-12；路3:1-18；约1:19-28）"
"1935","41","1","9","耶稣受洗（太3:13-17；路3:21-22）"
"1936","41","1","12","耶稣受试探（太4:1-11；路4:1-13）"
"1937","41","1","14","开始在加利利传道（太4:12-17；路4:14-15）"
"1938","41","1","16","呼召四个渔夫（太4:18-22；路5:1-11）"
"1939","41","1","21","赶逐污鬼（路4:31-37）"
"1940","41","1","29","治好彼得岳母和许多病人（太8:14-17；路4:38-41）"
"1941","41","1","35","在加利利各会堂传道（路4:42-44）"
"1942","41","1","40","洁净麻风病人（太8:1-4；路5:12-16）"
"1943","41","2","1","治好瘫痪病人（太9:1-8；路5:17-26）"
"1944","41","2","13","呼召利未（太9:9-13；路5:27-32）"
"1945","41","2","18","禁食的问题（太9:14-17；路5:33-39）"
"1946","41","2","23","安息日掐麦穗（太12:1-8；路6:1-5）"
"1947","41","3","1","治好萎缩的手（太12:9-14；路6:6-11）"
"1948","41","3","7","海边的群众"
"1949","41","3","13","耶稣拣选十二门徒（太10:1-4；路6:12-16）"
"1950","41","3","20","诬蔑耶稣靠鬼王赶鬼（太12:22-32；路11:14-23，12:10）"
"1951","41","3","31","遵父旨的人都是亲属（太12:46-50；路8:19-21）"
"1952","41","4","1","撒种的比喻（太13:1-9；路8:4-8）"
"1953","41","4","10","用比喻的目的（太13:10-17；路8:9-10）"
"1954","41","4","13","解释撒种的比喻（太13:18-23；路8:11-15）"
"1955","41","4","21","灯和量器（路8:16-18）"
"1956","41","4","26","种子长大的比喻"
"1957","41","4","30","芥菜种的比喻（太13:31-32；路13:18-19）"
"1958","41","4","33","耶稣用比喻讲道（太13:34-35）"
"1959","41","4","35","平静风浪（太8:23-27；路8:22-25）"
"1960","41","5","1","治好格拉森被鬼附的人（太8:28-34；路8:26-39）"
"1961","41","5","21","治好睚鲁女儿和血漏妇女（太9:18-26；路8:40-56）"
"1962","41","6","1","拿撒勒人厌弃耶稣（太13:53-58；路4:16-30）"
"1963","41","6","7","耶稣差遣十二门徒（太10:5-15；路9:1-6）"
"1964","41","6","14","施洗约翰的死（太14:1-12；路9:7-9）"
"1965","41","6","30","耶稣使五千人吃饱（太14:13-21；路9:10-17；约6:1-14）"
"1966","41","6","45","耶稣在海上行走（太14:22-33；约6:16-21）"
"1967","41","6","53","治好革尼撒勒的病人（太14:34-36）"
"1968","41","7","1","论洁净（太15:1-9）"
"1969","41","7","24","迦南妇人的信心（太15:21-28）"
"1970","41","7","31","耶稣治好聋哑人"
"1971","41","8","1","耶稣使四千人吃饱（太15:32-39）"
"1972","41","8","11","法利赛人求神迹（太16:1-4）"
"1973","41","8","14","防备法利赛人和希律的酵（太16:5-12）"
"1974","41","8","22","治好伯赛大的盲人"
"1975","41","8","27","彼得认耶稣为基督（太16:13-20；路9:18-21）"
"1976","41","8","31","耶稣预言受难和复活（太16:21-28；路9:22-27）"
"1977","41","9","2","耶稣显荣（太17:1-13；路9:28-36）"
"1978","41","9","14","治好被污鬼附身的孩子（太17:14-21；路9:37-43）"
"1979","41","9","30","耶稣第二次预言受难和复活（太17:22-23；路9:43-45）"
"1980","41","9","33","天国里谁为大（太18:1-5；路9:46-48）"
"1981","41","9","38","不敌挡就是帮助（路9:49-50）"
"1982","41","9","42","拒绝一切罪的诱惑（太18:6-9；路17:1-2）"
"1983","41","10","1","耶稣关于离婚的教导（太19:1-2；路16:18）"
"1984","41","10","13","耶稣为小孩祝福（太19:13-15；路18:15-17）"
"1985","41","10","17","青年财主（太19:16-30；路18:18-30）"
"1986","41","10","32","耶稣第三次预言受难和复活（太20:17-19；路18:31-34）"
"1987","41","10","35","为首与为仆（太20:20-28）"
"1988","41","10","46","治好盲人巴底买（太20:29-34；路18:35-43）"
"1989","41","11","1","荣入圣城（太21:1-11；路19:28-40；约12:12-19）"
"1990","41","11","12","咒诅无花果树（太21:18-19）"
"1991","41","11","15","洁净圣殿（太21:12-17；路19:45-48；约2:13-22）"
"1992","41","11","20","从无花果树得教训（太21:20-22）"
"1993","41","11","27","祭司长不服耶稣的权柄（太21:23-27；路20:1-8）"
"1994","41","12","1","凶恶佃户的比喻（太21:33-46；路20:9-10）"
"1995","41","12","13","纳税给凯撒的问题（太22:15-22；路20:19-26）"
"1996","41","12","18","复活的问题（太22:23-33；路20:27-40）"
"1997","41","12","28","最大的诫命（太22:34-40；路10:25-28）"
"1998","41","12","35","基督与大卫的关系（太22:41-46；路20:41-44）"
"1999","41","12","38","谴责文士（太23:1-36；路20:45-47）"
"2000","41","12","41","寡妇的奉献（路21:1-4）"
"2001","41","13","1","预言圣殿被毁（太24:1-2；路21:5-6）"
"2002","41","13","3","基督再临的预兆（太24:3-14；路21:7-19）"
"2003","41","13","14","大灾难（太24:15-28；路21:20-24）"
"2004","41","13","24","人子的降临（太24:29-31；路21:25-28）"
"2005","41","13","28","无花果树的预兆（太24:32-35；路21:29-33）"
"2006","41","13","32","那日那时没有人知道（太24:36-44）"
"2007","41","14","1","祭司长图谋杀害耶稣（太26:1-5；路22:1-2；约11:45-53）"
"2008","41","14","3","珍贵的香膏（太26:6-13；约12:1-8）"
"2009","41","14","10","犹大出卖耶稣（太26:14-16；路22:3-6）"
"2010","41","14","12","和门徒同度逾越节（太26:17-25；路22:7-14、21-23；约13:21-30）"
"2011","41","14","22","设立圣餐（太26:26-30；路22:15-20；林前11:23-25）"
"2012","41","14","27","预言彼得不认主（太26:31-35；路22:31-34；约13:36-38）"
"2013","41","14","32","在客西马尼祷告（太26:36-46；路22:39-46）"
"2014","41","14","43","耶稣被捕（太26:47-56；路22:47-53；约18:3-12）"
"2015","41","14","53","耶稣在公会里受审（太26:57-68；路22:54-55、63-71；约8:13-14、19-24）"
"2016","41","14","66","彼得三次不认主（太26:69-75；路22:56-62；约18:15-18、25-27）"
"2017","41","15","1","耶稣在彼拉多面前受审（太27:1-2、11-14；路23:1-5；约18:28-38）"
"2018","41","15","6","耶稣被判死刑（太27:15-16；路23:13-25；约18:39-19:16）"
"2019","41","15","16","兵丁戏弄耶稣（太27:27-31；约19:2-3）"
"2020","41","15","21","耶稣被钉十字架（太27:32-44；路23:26-43；约19:17-27）"
"2021","41","15","33","耶稣的死（太27:45-56；路23:44-49；约19:28-30）"
"2022","41","15","42","耶稣的安葬（太27:57-61；路23:50-56；约19:38-42）"
"2023","41","16","1","耶稣复活（太28:1-8；路24:1-12；约20:1-10）"
"2024","41","16","9","向抹大拉的马利亚显现（太28:9-10；约20:11-18）"
"2025","41","16","12","向两个门徒显现（路24:13-35）"
"2026","41","16","14","门徒奉差遣（太28:16-20；路24:36-49；约20:19-23；徒1:6-8）"
"2027","41","16","19","耶稣升天（路24:50-53；徒1:9-11）"
"2028","42","1","1","序言"
"2029","42","1","5","预言施洗约翰诞生"
"2030","42","1","26","预言耶稣降生"
"2031","42","1","39","马利亚看望伊利莎白"
"2032","42","1","46","尊主颂"
"2033","42","1","57","施洗约翰出生"
"2034","42","1","67","撒迦利亚的预言"
"2035","42","2","1","耶稣降生（太1:18-25）"
"2036","42","2","8","天使报喜信给牧羊的人"
"2037","42","2","22","在圣殿里献与主"
"2038","42","2","25","西面称颂救主"
"2039","42","2","36","亚拿颂赞　神"
"2040","42","2","39","回拿撒勒"
"2041","42","2","41","耶稣十二岁时在圣殿里"
"2042","42","3","1","施洗约翰传道（太3:1-12；可1:1-8；约1:19-28）"
"2043","42","3","21","耶稣受洗（太3:13-17；可1:9-11）"
"2044","42","3","23","耶稣的家谱（太1:1-17）"
"2045","42","4","1","耶稣受试探（太4:1-11；可1:12-13）"
"2046","42","4","14","开始在加利利传道（太4:11-17；可1:14-15）"
"2047","42","4","16","拿撒勒人厌弃耶稣（太13:53-58；可6:1-6）"
"2048","42","4","31","赶逐污鬼（可1:21-28）"
"2049","42","4","38","治好彼得岳母和许多病人（太8:14-17；可1:29-34）"
"2050","42","4","42","在加利利各会堂传道（可1:35-39）"
"2051","42","5","1","耶稣呼召头几个门徒（太4:18-22；可1:16-20）"
"2052","42","5","12","洁净麻风病人（太8:1-4；可1:40-45）"
"2053","42","5","17","治好瘫痪病人（太9:1-8；可2:1-12）"
"2054","42","5","27","呼召利未（太9:9-13；可2:13-17）"
"2055","42","5","33","禁食的问题（太9:14-17；可2:18-22）"
"2056","42","6","1","安息日掐麦穗（太12:1-8；可2:23-28）"
"2057","42","6","6","治好萎缩的手（太12:9-14；可3:1-6）"
"2058","42","6","12","耶稣拣选十二使徒（太10:1-4；可3:13-19）"
"2059","42","6","17","向大众传道（太4:23-25）"
"2060","42","6","20","论福和祸（太5:1-12）"
"2061","42","6","27","论爱仇敌（太5:38-48，7:12）"
"2062","42","6","37","不要论断人（太7:1-5）"
"2063","42","6","43","树和果子（太7:16-20，12:33-35）"
"2064","42","6","46","两种基础（太7:24-27）"
"2065","42","7","1","治好百夫长的仆人（太8:5-13）"
"2066","42","7","11","使寡妇的儿子复活"
"2067","42","7","18","施洗约翰差人问主（太11:2-6）"
"2068","42","7","24","耶稣论施洗约翰（太11:7-19）"
"2069","42","7","36","有罪的女人得蒙赦免"
"2070","42","8","1","跟从耶稣的妇女们"
"2071","42","8","4","撒种的比喻（太13:1-9；可4:1-9）"
"2072","42","8","9","用比喻的目的（太13:10-17；可4:10-20）"
"2073","42","8","11","解释撒种的比喻（太13:18-23；可4:13-20）"
"2074","42","8","16","器皿下的灯（可4:21-25）"
"2075","42","8","19","遵父旨的人都是亲属（太12:46-50；可3:31-35）"
"2076","42","8","22","平静风浪（太8:23-27；可4:35-41）"
"2077","42","8","26","治好格拉森被鬼附的人（太8:28-34；可5:1-20）"
"2078","42","8","40","治好睚鲁女儿和血漏妇女（太9:18-26；可5:21-43）"
"2079","42","9","1","耶稣差遣十二个门徒（太10:5-15；可6:7-13）"
"2080","42","9","7","希律的困惑（太14:1-12；可6:14-29）"
"2081","42","9","10","耶稣使五千人吃饱（太14:13-21；可6:30-44；约6:1-14）"
"2082","42","9","18","彼得认耶稣为基督（太16:13-19；可8:27-29）"
"2083","42","9","21","耶稣预言受难和复活（太16:20-28；可8:30-9:1）"
"2084","42","9","28","耶稣显荣（太17:1-8；可9:2-8）"
"2085","42","9","37","治好被污鬼附身的孩子（太17:14-18；可9:14-27）"
"2086","42","9","43","耶稣第二次预言他的死（太17:22-23；可9:30-32）"
"2087","42","9","46","天国里谁为大（太18:1-5；可9:33-37）"
"2088","42","9","49","不敌挡就是帮助（可9:38-40）"
"2089","42","9","51","撒玛利亚人不接待主"
"2090","42","9","57","跟从耶稣的准备（太8:19-22）"
"2091","42","10","1","主差遣七十人"
"2092","42","10","13","耶稣责备哥拉汛等城的人（太11:20-24）"
"2093","42","10","17","七十个人回来"
"2094","42","10","21","耶稣的欢乐（太11:25-27，13:16-17）"
"2095","42","10","25","好撒玛利亚人"
"2096","42","10","38","马大和马利亚"
"2097","42","11","1","主祷文（太6:9-13，7:7-11）"
"2098","42","11","14","诬蔑耶稣靠鬼王赶鬼（太12:22-30；可3:20-27）"
"2099","42","11","24","七个污鬼（太12:43-45）"
"2100","42","11","27","真正的福"
"2101","42","11","29","耶稣论神迹（太12:38-42）"
"2102","42","11","33","论心里的光（太5:15，6:22-23）"
"2103","42","11","37","谴责法利赛人和文士（太23:1-36；可12:38-40）"
"2104","42","12","1","防备假冒为善（太10:26-27）"
"2105","42","12","4","不要惧怕（太10:28-31）"
"2106","42","12","8","在人的面前承认基督（太10:32-33，12:32，10:19-20）"
"2107","42","12","13","无知财主的比喻"
"2108","42","12","22","不要忧虑（太6:25-34、19-21）"
"2109","42","12","35","警醒的仆人（太24:45-51）"
"2110","42","12","49","分裂的原因（太10:34-36）"
"2111","42","12","54","分辨时候（太16:2-3）"
"2112","42","12","57","同对头和解（太5:25-26）"
"2113","42","13","1","不悔改必灭亡"
"2114","42","13","6","不结实的无花果树"
"2115","42","13","10","安息日医治驼背的女人"
"2116","42","13","18","芥菜种的比喻（太13:31-32；可4:30-32）"
"2117","42","13","20","面酵的比喻（太13:33）"
"2118","42","13","22","要进窄门（太7:13-14、21-23）"
"2119","42","13","31","为耶路撒冷哀哭（太23:37-39）"
"2120","42","14","1","治好患水臌的人"
"2121","42","14","7","对客人和主人的教导"
"2122","42","14","15","大筵席的比喻（太22:1-10）"
"2123","42","14","25","做门徒的代价（太10:37-38）"
"2124","42","14","34","失味的盐（太5:13；可9:50）"
"2125","42","15","1","迷失的羊（太18:12-14）"
"2126","42","15","8","失钱的比喻"
"2127","42","15","11","浪子的比喻"
"2128","42","16","1","不义的管家"
"2129","42","16","14","律法和　神的国（太5:31-32，11:12-13；可10:11-12）"
"2130","42","16","19","财主和拉撒路"
"2131","42","17","1","罪与饶恕（太18:6-7、21-22；可9:42）"
"2132","42","17","5","信心的能力"
"2133","42","17","7","仆人的本分"
"2134","42","17","11","治好十个麻风病人"
"2135","42","17","20","　神国的来到（太24:23-28、37-41）"
"2136","42","18","1","寡妇和不义的官"
"2137","42","18","9","法利赛人和税吏的祷告"
"2138","42","18","15","耶稣为小孩祝福（太19:13-15；可10:13-16）"
"2139","42","18","18","富足的官寻求永生之道（太19:16-30；可10:17-31）"
"2140","42","18","31","耶稣第三次预言受难和复活（太20:17-19；可10:32-34）"
"2141","42","18","35","治好耶利哥的盲人（太20:29-34；可10:46-52）"
"2142","42","19","1","撒该悔改"
"2143","42","19","11","十锭银子的比喻（太25:14-30）"
"2144","42","19","28","荣入圣城（太21:1-11；可11:1-11；约12:12-19）"
"2145","42","19","45","洁净圣殿（太21:12-17；可11:15-19；约2:13-22）"
"2146","42","20","1","祭司长不服耶稣的权柄（太21:23-27；可11:27-33）"
"2147","42","20","9","凶恶园户的比喻（太21:33-46；可12:1-12）"
"2148","42","20","19","纳税给凯撒的问题（太22:15-22；可12:13-17）"
"2149","42","20","27","复活的问题（太22:23-33；可12:18-27）"
"2150","42","20","41","基督与大卫的关系（太22:41-46；可12:35-37）"
"2151","42","20","45","谴责文士（太23:1-36；可12:38-40）"
"2152","42","21","1","寡妇的奉献（可12:41-44）"
"2153","42","21","5","预言圣殿被毁（太24:1-2；可13:1-2）"
"2154","42","21","7","基督再临的预兆（太24:3-14；可13:3-13）"
"2155","42","21","20","预言耶路撒冷被毁（太24:15-21；可13:14-19）"
"2156","42","21","25","人子降临（太24:29-31；可13:24-27）"
"2157","42","21","29","无花果树的预言（太24:32-35；可13:28-31）"
"2158","42","21","34","劝告门徒警醒"
"2159","42","22","1","祭司长图谋杀害耶稣（太26:1-5；可14:1-2；约11:45-53）"
"2160","42","22","7","预备逾越节的筵席（太26:17-25；可14:12-21；约13:21-30）"
"2161","42","22","14","设立圣餐（太26:26-30；可14:22-26；林前11:23-25）"
"2162","42","22","24","争论谁为大"
"2163","42","22","31","预言彼得不认主（太26:31-35；可14:27-31；约13:36-38）"
"2164","42","22","35","钱囊、口袋、刀"
"2165","42","22","39","在橄榄山上祷告（太26:36-46；可14:32-42）"
"2166","42","22","47","耶稣被捕（太26:47-56；可14:43-50；约18:3-11）"
"2167","42","22","54","彼得三次不认主（太26:57-58、69-75；可14:53-54、66-72；约18:12-18、25-27）"
"2168","42","22","63","戏弄鞭打耶稣（太26:67-68；可14:65）"
"2169","42","22","66","耶稣在公会里受审（太26:59-66；可14:55-64；约18:19-24）"
"2170","42","23","1","耶稣在彼拉多面前受审（太27:1-2、11-14；可15:1-5；约18:28-38）"
"2171","42","23","6","耶稣在希律面前受审"
"2172","42","23","13","耶稣被判死刑（太27:15-26；可15:6-15；约18:39-19:16）"
"2173","42","23","26","耶稣被钉十字架（太27:32-44；可15:21-32；约19:17-27）"
"2174","42","23","44","耶稣的死（太27:45-56；可15:33-41；约19:28-30）"
"2175","42","23","50","耶稣的安葬（太27:57-61；可15:42-47；约19:38-42）"
"2176","42","24","1","耶稣复活（太28:1-10；可16:1-8；约20:1-10）"
"2177","42","24","13","在去以马忤斯的路上（可16:12-13）"
"2178","42","24","36","向门徒显现（太28:16-20；可16:14-18；约20:19-23；徒1:6-8）"
"2179","42","24","50","耶稣升天（可16:19-20；徒1:9-11）"
"2180","43","1","1","道成了肉身"
"2181","43","1","19","施洗约翰的见证（太3:1-12；可1:1-8；路3:1-18）"
"2182","43","1","29","　神的羔羊"
"2183","43","1","35","初次选召门徒"
"2184","43","1","43","呼召腓力和拿但业"
"2185","43","2","1","在迦拿的婚筵"
"2186","43","2","13","洁净圣殿（太21:12-13；可11:15-17；路19:45-46）"
"2187","43","2","23","耶稣洞察人心"
"2188","43","3","1","耶稣与尼哥底母谈重生"
"2189","43","3","22","耶稣和施洗约翰"
"2190","43","3","31","信子的人得永生"
"2191","43","4","1","耶稣和撒玛利亚妇人谈道"
"2192","43","4","43","耶稣治好大臣的儿子"
"2193","43","5","1","在毕士大池边治病"
"2194","43","5","19","圣子的权柄"
"2195","43","5","31","为耶稣作证"
"2196","43","6","1","耶稣使五千人吃饱（太14:13-21；可6:30-44；路9:10-17）"
"2197","43","6","16","耶稣在海面上行走（太14:22-33；可6:45-52）"
"2198","43","6","22","耶稣是生命的粮"
"2199","43","6","60","永生之道"
"2200","43","7","1","耶稣的兄弟不信"
"2201","43","7","10","耶稣过住棚节"
"2202","43","7","25","这是基督吗？"
"2203","43","7","32","祭司长差人捉拿耶稣"
"2204","43","7","37","活水的江河"
"2205","43","7","40","群众因耶稣而纷争"
"2206","43","7","45","犹太领袖的不信"
"2207","43","8","1","行淫时被捉的女人"
"2208","43","8","12","耶稣是世界的光"
"2209","43","8","21","不信基督的必死在罪中"
"2210","43","8","31","真理使人得自由"
"2211","43","8","39","出于　神的必听　神的话"
"2212","43","8","48","耶稣在亚伯拉罕之先"
"2213","43","9","1","治好生来瞎眼的"
"2214","43","9","13","法利赛人盘问被治好的人"
"2215","43","9","35","灵性的盲目"
"2216","43","10","1","羊圈的比喻"
"2217","43","10","7","耶稣是好牧人"
"2218","43","10","22","犹太人弃绝耶稣"
"2219","43","11","1","拉撒路的死"
"2220","43","11","17","复活在主，生命在主"
"2221","43","11","28","耶稣哭了"
"2222","43","11","38","拉撒路复活"
"2223","43","11","45","祭司长图谋杀害耶稣（太26:1-5；可14:1-2；路22:1-2）"
"2224","43","12","1","珍贵的香膏（太26:6-13；可14:3-9）"
"2225","43","12","9","杀害拉撒路的阴谋"
"2226","43","12","12","荣入圣城（太21:1-11；可11:1-11；路19:28-40）"
"2227","43","12","20","希腊人求见耶稣"
"2228","43","12","27","人子必须被举起来"
"2229","43","12","37","犹太人的不信"
"2230","43","12","44","信子就是信父"
"2231","43","13","1","耶稣为门徒洗脚"
"2232","43","13","21","耶稣预言将被出卖（太26:20-25；可14:17-21；路22:21-23）"
"2233","43","13","31","新的命令"
"2234","43","13","36","预言彼得不认主（太26:31-35；可14:27-31；路22:31-34）"
"2235","43","14","1","耶稣是道路、真理、生命"
"2236","43","14","15","应许赐圣灵"
"2237","43","15","1","耶稣是真葡萄树"
"2238","43","15","18","世人的憎恨"
"2239","43","16","4","圣灵的工作"
"2240","43","16","16","忧愁变为喜乐"
"2241","43","16","25","主已经胜过世界"
"2242","43","17","1","耶稣为信他的人祷告"
"2243","43","17","20","为教会合一祈求"
"2244","43","18","1","耶稣被捕（太26:47-56；可14:43-50；路22:47-53）"
"2245","43","18","12","耶稣被带到亚那面前"
"2246","43","18","15","彼得不认耶稣"
"2247","43","18","19","大祭司盘问耶稣（太26:59-66；可14:55-64；路22:66-71）"
"2248","43","18","25","彼得再次不认耶稣（太26:71-75；可14:69-72；路22:58-62）"
"2249","43","18","28","耶稣在彼拉多面前受审（太27:1-2、11-14；可15:1-5；路23:1-5）"
"2250","43","18","38","耶稣被判死刑（太27:15-31；可15:6-20；路23:13-25）"
"2251","43","19","17","耶稣被钉十字架（太27:32-44；可15:21-32；路23:26-43）"
"2252","43","19","28","耶稣的死（太27:45-56；可15:33-41；路23:44-49）"
"2253","43","19","31","耶稣的肋旁被刺"
"2254","43","19","38","耶稣的安葬（太27:57-61；可15:42-47；路23:50-56）"
"2255","43","20","1","耶稣复活（太28:1-8；可16:1-8；路24:1-12）"
"2256","43","20","11","向抹大拉的马利亚显现（太28:9-10；可16:9-11）"
"2257","43","20","19","向门徒显现（太28:16-20；可16:14-18；路24:36-49）"
"2258","43","20","24","解除多马的疑惑"
"2259","43","20","30","本书的目的"
"2260","43","21","1","耶稣向七个门徒显现"
"2261","43","21","15","三问彼得爱主之心"
"2262","43","21","20","耶稣论他所爱的那门徒"
"2263","43","21","24","结语"
"2264","44","1","1","赐圣灵的应许"
"2265","44","1","6","耶稣升天"
"2266","44","1","12","门徒们聚集同心祷告"
"2267","44","1","15","补选使徒"
"2268","44","2","1","圣灵降临"
"2269","44","2","14","彼得在五旬节的讲道"
"2270","44","2","37","三千人受洗"
"2271","44","2","43","信徒的共享生活"
"2272","44","3","1","彼得医好瘸腿的人"
"2273","44","3","11","彼得在所罗门廊下的讲道"
"2274","44","4","1","彼得和约翰在公会受审"
"2275","44","4","13","二使徒获释"
"2276","44","4","23","门徒求主赐胆量"
"2277","44","4","32","凡物公用"
"2278","44","5","1","亚拿尼亚和撒非喇"
"2279","44","5","12","使徒大行神迹奇事"
"2280","44","5","17","使徒受迫害"
"2281","44","6","1","拣选七执事"
"2282","44","6","8","司提反被捕"
"2283","44","7","1","司提反当众申诉"
"2284","44","7","54","司提反殉道"
"2285","44","8","1","扫罗迫害教会"
"2286","44","8","4","福音传到撒玛利亚"
"2287","44","8","26","埃塞俄比亚太监受洗归主"
"2288","44","9","1","扫罗转变归主（22:6-16，26:12-18）"
"2289","44","9","19","扫罗在大马士革传道"
"2290","44","9","23","逃脱犹太人的谋害"
"2291","44","9","26","扫罗在耶路撒冷"
"2292","44","9","32","以尼雅得医治"
"2293","44","9","36","多加复活"
"2294","44","10","1","哥尼流得指示请彼得"
"2295","44","10","9","彼得见异象"
"2296","44","10","34","在哥尼流家中讲道"
"2297","44","10","44","外邦人领受圣灵"
"2298","44","11","1","向耶路撒冷教会报告"
"2299","44","11","19","安提阿的教会"
"2300","44","12","1","雅各和彼得遭受迫害"
"2301","44","12","6","彼得获救出狱"
"2302","44","12","20","希律亚基帕的死"
"2303","44","13","1","巴拿巴和扫罗奉差遣"
"2304","44","13","4","在塞浦路斯传道"
"2305","44","13","13","在彼西底的安提阿传道"
"2306","44","14","1","在以哥念传道"
"2307","44","14","8","在路司得传道"
"2308","44","14","20","回到叙利亚的安提阿"
"2309","44","15","1","耶路撒冷会议"
"2310","44","15","22","致外邦信徒的信"
"2311","44","15","36","保罗和巴拿巴分开"
"2312","44","16","1","提摩太跟保罗、西拉同工"
"2313","44","16","6","马其顿的呼声"
"2314","44","16","11","吕底亚归主"
"2315","44","16","16","在腓立比被囚"
"2316","44","17","1","帖撒罗尼迦的骚动"
"2317","44","17","10","使徒们在庇哩亚传道"
"2318","44","17","16","保罗在雅典"
"2319","44","18","1","保罗在哥林多"
"2320","44","18","18","保罗回到安提阿"
"2321","44","18","24","亚波罗在以弗所讲道"
"2322","44","19","1","保罗在以弗所"
"2323","44","19","11","士基瓦的儿子们"
"2324","44","19","21","以弗所的骚乱"
"2325","44","20","1","保罗重访马其顿和希腊"
"2326","44","20","7","保罗最后一次访问特罗亚"
"2327","44","20","13","从特罗亚到米利都"
"2328","44","20","17","对以弗所长老的临别赠言"
"2329","44","21","1","保罗上耶路撒冷"
"2330","44","21","17","保罗访问雅各"
"2331","44","21","27","保罗在圣殿里被捕"
"2332","44","21","37","保罗为自己辩护"
"2333","44","22","6","保罗叙述归主的经过（9:1-19，26:12-18）"
"2334","44","22","17","保罗奉召向外邦人传道"
"2335","44","22","22","保罗与官长交涉"
"2336","44","22","30","保罗在公会前申诉"
"2337","44","23","12","杀害保罗的阴谋"
"2338","44","23","23","保罗被解交腓力斯巡抚"
"2339","44","24","1","犹太人控告保罗"
"2340","44","24","10","保罗为自己辩护"
"2341","44","24","24","腓力斯留保罗在监里"
"2342","44","25","1","保罗要向凯撒上诉"
"2343","44","25","13","被带到亚基帕王面前"
"2344","44","26","1","保罗在亚基帕王面前申辩"
"2345","44","26","12","保罗叙述归主经过（9:1-19，22:6-16）"
"2346","44","26","19","向犹太人和外邦人作见证"
"2347","44","26","24","保罗恳请亚基帕信主"
"2348","44","27","1","保罗被用船送往罗马"
"2349","44","27","13","海上的风暴"
"2350","44","27","39","船搁浅"
"2351","44","28","1","保罗在马耳他岛上"
"2352","44","28","11","保罗抵达罗马"
"2353","44","28","17","保罗在罗马传道"
"2354","45","1","1","问候与祝愿"
"2355","45","1","8","保罗有意访问罗马"
"2356","45","1","16","福音是　神的大能"
"2357","45","1","18","人类的罪恶"
"2358","45","2","1","　神的公义审判"
"2359","45","2","17","犹太人与律法"
"2360","45","3","9","没有义人"
"2361","45","3","21","因信称义"
"2362","45","4","1","亚伯拉罕信心的榜样"
"2363","45","4","13","应许因信而实现"
"2364","45","5","1","因信称义的福"
"2365","45","5","12","亚当和基督"
"2366","45","6","1","在罪上死，在基督里活"
"2367","45","6","15","义的奴仆"
"2368","45","7","1","律法的约束力"
"2369","45","7","7","律法与罪的关系"
"2370","45","7","14","灵与肉的交战"
"2371","45","8","1","在圣灵里的生活"
"2372","45","8","18","将来的荣耀"
"2373","45","8","31","　神之爱的凯歌"
"2374","45","9","1","　神拣选以色列人"
"2375","45","9","19","　神的忿怒和怜悯"
"2376","45","9","30","以色列人和福音"
"2377","45","10","5","求告主名的必得救"
"2378","45","11","1","以色列的余民"
"2379","45","11","11","外邦人得救"
"2380","45","11","25","全以色列都将得救"
"2381","45","12","1","基督里的新生活"
"2382","45","12","9","基督徒的生活守则"
"2383","45","13","1","顺服掌权者"
"2384","45","13","8","爱成全律法"
"2385","45","13","11","白昼将近"
"2386","45","14","1","不可论断弟兄"
"2387","45","14","13","不可使弟兄跌倒"
"2388","45","15","1","要叫邻舍喜悦"
"2389","45","15","7","　神的福音一视同仁"
"2390","45","15","14","保罗的宣教使命"
"2391","45","15","22","保罗计划访问罗马"
"2392","45","16","1","问安"
"2393","45","16","25","最后的颂赞"
"2394","46","1","1","问安和祝愿"
"2395","46","1","10","教会中不应结党纷争"
"2396","46","1","18","基督是　神的能力和智慧"
"2397","46","2","1","传扬钉十字架的基督"
"2398","46","2","6","　神藉着圣灵启示我们"
"2399","46","3","1","　神的同工"
"2400","46","4","1","使徒的工作"
"2401","46","5","1","教会中不容忍淫乱的事"
"2402","46","6","1","信徒不要彼此告状"
"2403","46","6","12","在身子上荣耀　神"
"2404","46","7","1","婚姻的问题"
"2405","46","7","17","应保持原来的身份"
"2406","46","7","25","未婚和寡居"
"2407","46","8","1","论祭偶像的食物"
"2408","46","9","1","使徒的权利"
"2409","46","10","1","警戒拜偶像的事"
"2410","46","10","23","凡事为荣耀　神而行"
"2411","46","11","2","礼拜时蒙头的问题"
"2412","46","11","17","责备混乱圣餐的人"
"2413","46","11","23","圣餐的设立"
"2414","46","11","27","圣餐前应省察自己"
"2415","46","12","1","属灵的恩赐"
"2416","46","12","12","一个身体有许多肢体"
"2417","46","12","31","爱的颂歌"
"2418","46","14","1","作先知讲道和说方言"
"2419","46","14","26","凡事都要按次序行"
"2420","46","15","1","基督的复活"
"2421","46","15","12","死人的复活"
"2422","46","15","35","复活的身体"
"2423","46","16","1","捐助圣徒"
"2424","46","16","5","预定的行程"
"2425","46","16","13","劝勉和问安"
"2426","47","1","1","问候"
"2427","47","1","3","保罗受患难后的感恩"
"2428","47","1","12","保罗延期访问哥林多"
"2429","47","2","5","赦免犯过失的人"
"2430","47","2","12","保罗的忧愁和安慰"
"2431","47","3","1","新约的执事"
"2432","47","4","1","瓦器里的宝贝"
"2433","47","4","16","靠信心生活"
"2434","47","5","11","劝人与　神和好的职分"
"2435","47","6","14","永生　神的殿"
"2436","47","7","2","为哥林多人悔改而高兴"
"2437","47","8","1","慷慨的捐助"
"2438","47","8","16","提多和他的同工"
"2439","47","9","1","帮助圣徒的捐款"
"2440","47","10","1","保罗为他的工作辩护"
"2441","47","10","15","当指着主夸口"
"2442","47","11","1","保罗论假使徒"
"2443","47","11","16","保罗所受的患难"
"2444","47","12","1","异象和启示"
"2445","47","12","11","对哥林多教会的关心"
"2446","47","13","1","劝戒"
"2447","47","13","11","问候"
"2448","48","1","1","问候"
"2449","48","1","6","只有一个福音"
"2450","48","1","11","保罗怎样成为使徒"
"2451","48","2","1","保罗被其他的使徒接纳"
"2452","48","2","11","保罗在安提阿责备彼得"
"2453","48","2","15","一切人都因信得救"
"2454","48","3","1","律法和信心"
"2455","48","3","15","律法和应许"
"2456","48","3","21","奴仆和儿子"
"2457","48","4","8","保罗关怀加拉太人"
"2458","48","4","21","夏甲和撒拉的预表"
"2459","48","5","2","基督徒的自由"
"2460","48","5","16","圣灵的果子"
"2461","48","6","1","互相分担重担"
"2462","48","6","11","保罗的亲笔劝勉"
"2463","49","1","1","问候"
"2464","49","1","3","基督里的属灵福气"
"2465","49","1","15","保罗的祷告"
"2466","49","2","1","出死入生"
"2467","49","2","11","在基督里合一"
"2468","49","3","1","奉差遣向外邦人传福音"
"2469","49","3","14","基督的爱难以测度"
"2470","49","4","1","身体的合一"
"2471","49","4","17","旧人和新人"
"2472","49","4","25","新生活的守则"
"2473","49","5","6","光明的子女"
"2474","49","5","22","丈夫和妻子"
"2475","49","6","1","儿女和父母"
"2476","49","6","5","仆人和主人"
"2477","49","6","10","穿戴　神所赐的军装"
"2478","49","6","21","祝福"
"2479","50","1","1","问候"
"2480","50","1","3","保罗为腓立比信徒祷告"
"2481","50","1","12","为基督而活"
"2482","50","2","1","以基督的心为心"
"2483","50","2","12","在这世上像明光照耀"
"2484","50","2","19","提摩太和以巴弗提"
"2485","50","3","1","真正的义"
"2486","50","3","12","向着标竿直跑"
"2487","50","4","2","保罗的劝导"
"2488","50","4","10","靠主知足常乐"
"2489","50","4","21","祝福"
"2490","51","1","1","问候"
"2491","51","1","3","为歌罗西信徒感谢　神"
"2492","51","1","15","基督在万有之上"
"2493","51","1","24","保罗为教会的工作"
"2494","51","2","6","基督里生命的丰盛"
"2495","51","2","20","基督里的新生活"
"2496","51","3","18","基督徒在家庭中的责任"
"2497","51","4","2","劝导"
"2498","51","4","7","最后的问安"
"2499","52","1","1","问候"
"2500","52","1","2","称赞帖撒罗尼迦信徒"
"2501","52","2","1","保罗以前在帖城的工作"
"2502","52","2","17","保罗希望重访帖城教会"
"2503","52","4","1","　神所悦纳的生活"
"2504","52","4","13","主的降临"
"2505","52","5","12","最后的劝勉与祝福"
"2506","53","1","1","问候"
"2507","53","1","3","基督再来时的审判"
"2508","53","2","1","不法的人"
"2509","53","2","13","被拣选接受救恩"
"2510","53","3","1","为使徒祷告"
"2511","53","3","6","警戒懒惰的人"
"2512","53","3","16","祝福"
"2513","54","1","1","问候"
"2514","54","1","3","谨防虚伪的道理"
"2515","54","1","12","感谢　神的怜悯"
"2516","54","2","1","有关代祷的教导"
"2517","54","3","1","监督的资格"
"2518","54","3","8","执事的资格"
"2519","54","3","14","敬虔的奥秘"
"2520","54","4","1","预言有人离弃真道"
"2521","54","4","6","基督耶稣的好执事"
"2522","54","5","1","对别人的责任"
"2523","54","6","2","假道理和真财富"
"2524","54","6","11","美好的仗"
"2525","55","1","1","问候"
"2526","55","1","3","忠于福音"
"2527","55","2","1","基督耶稣的精兵"
"2528","55","2","14","无愧的工人"
"2529","55","3","1","末世的人性"
"2530","55","3","10","对提摩太的最后指示"
"2531","55","4","9","个人的嘱咐"
"2532","55","4","16","靠主力量传扬福音"
"2533","55","4","19","问候与祝福"
"2534","56","1","1","问候"
"2535","56","1","5","提多在克里特的工作"
"2536","56","2","1","纯正的道理"
"2537","56","3","1","热心行善"
"2538","56","3","12","个人的指示和问安"
"2539","57","1","1","问候"
"2540","57","1","4","腓利门的爱心和信心"
"2541","57","1","8","保罗为阿尼西母请求"
"2542","57","1","23","最后的问安"
"2543","58","1","1","　神藉着他儿子说话"
"2544","58","1","5","圣子远超过天使"
"2545","58","2","1","伟大的救恩不可忽略"
"2546","58","2","5","救恩的元帅"
"2547","58","3","1","耶稣超越摩西"
"2548","58","3","7","　神子民的安息"
"2549","58","4","14","耶稣作为大祭司"
"2550","58","5","11","警戒叛道的人"
"2551","58","6","13","　神确切的应许"
"2552","58","7","1","麦基洗德的祭司等次"
"2553","58","8","1","更美之约的大祭司"
"2554","58","9","1","地上和天上的圣所"
"2555","58","9","23","基督献己为祭除掉了罪"
"2556","58","10","19","劝勉和警戒"
"2557","58","11","1","论信心"
"2558","58","12","1","主的管教"
"2559","58","12","14","警戒弃绝　神恩典的人"
"2560","58","13","1","蒙　神悦纳的服务"
"2561","58","13","20","祝福和问安"
"2562","59","1","1","问候"
"2563","59","1","2","信心和智慧"
"2564","59","1","9","贫穷和富有"
"2565","59","1","12","考验和试探"
"2566","59","1","19","听道和行道"
"2567","59","2","1","不可按外貌待人"
"2568","59","2","14","信心没有行为是死的"
"2569","59","3","1","要控制舌头"
"2570","59","3","13","论从上头来的智慧"
"2571","59","4","1","不可与世俗为友"
"2572","59","4","11","不可论断弟兄"
"2573","59","4","13","警戒自夸"
"2574","59","5","1","警戒为富不仁者"
"2575","59","5","7","忍耐和祷告"
"2576","60","1","1","问候"
"2577","60","1","3","活的盼望"
"2578","60","1","13","应当过圣洁的生活"
"2579","60","2","1","活石和圣洁的国度"
"2580","60","2","11","作　神的仆人"
"2581","60","2","18","基督受苦的榜样"
"2582","60","3","1","妻子和丈夫"
"2583","60","3","8","为义受苦"
"2584","60","4","1","　神恩赐的好管家"
"2585","60","4","12","为作基督徒受苦"
"2586","60","5","1","对长老的劝勉"
"2587","60","5","12","问安"
"2588","61","1","1","问候"
"2589","61","1","3","信徒所蒙的恩召和拣选"
"2590","61","1","19","基督的荣耀和先知的预言"
"2591","61","2","1","假先知和假师傅"
"2592","61","3","1","主再来的应许"
"2593","62","1","1","生命之道"
"2594","62","1","5","　神就是光"
"2595","62","2","1","我们的中保基督"
"2596","62","2","7","新命令"
"2597","62","2","18","敌基督者"
"2598","62","2","28","　神的儿女"
"2599","62","3","11","彼此相爱"
"2600","62","3","19","在　神面前安稳"
"2601","62","4","1","　神的灵和敌基督者的灵"
"2602","62","4","7","　神就是爱"
"2603","62","5","1","信心胜过世界"
"2604","62","5","6","　神为他儿子作的见证"
"2605","62","5","13","　神儿女有永生"
"2606","63","1","1","问候"
"2607","63","1","4","真理和爱"
"2608","63","1","12","问安"
"2609","64","1","1","问安"
"2610","64","1","5","称赞该犹的爱心"
"2611","64","1","9","责备丢特腓"
"2612","64","1","13","问安"
"2613","65","1","3","假教师受刑罚"
"2614","65","1","17","警告和劝勉"
"2615","65","1","24","祝福"
"2616","66","1","1","引言和致意"
"2617","66","1","9","基督的异象"
"2618","66","2","1","给以弗所教会的信"
"2619","66","2","8","给士每拿教会的信"
"2620","66","2","12","给别迦摩教会的信"
"2621","66","2","18","给推雅推喇教会的信"
"2622","66","3","1","给撒狄教会的信"
"2623","66","3","7","给非拉铁非教会的信"
"2624","66","3","14","给老底嘉教会的信"
"2625","66","4","1","天上的敬拜"
"2626","66","5","1","书卷和羔羊"
"2627","66","6","1","揭开前六印"
"2628","66","7","1","十四万四千以色列人受印"
"2629","66","7","9","各国各族的人前来敬拜"
"2630","66","8","1","第七印和香炉"
"2631","66","8","6","七号"
"2632","66","10","1","天使和小书卷"
"2633","66","11","1","两个见证人"
"2634","66","11","15","第七号"
"2635","66","12","1","妇人和龙"
"2636","66","13","1","两个兽"
"2637","66","14","1","十四万四千人的歌"
"2638","66","14","6","三位天使的信息"
"2639","66","14","14","地上的收割"
"2640","66","15","1","七位天使掌管最后的灾"
"2641","66","16","1","　神大怒的碗"
"2642","66","17","1","大淫妇和兽"
"2643","66","18","1","巴比伦倾倒"
"2644","66","19","5","羔羊的婚筵"
"2645","66","19","11","万王之王、万主之主"
"2646","66","20","1","千禧年"
"2647","66","20","7","撒但最后的失败"
"2648","66","20","11","末日的审判"
"2649","66","21","1","新天新地"
"2650","66","21","9","新耶路撒冷"
"2651","66","22","6","基督再临"
"2652","66","22","18","结语"